Metric_ID,Metric_Name,Value,Category,Date,Department,Target_Value
1,Metric_1,92.0,Cost,2025-09-09,Sales,108.91
2,Metric_2,87.31,Customer,2025-09-12,HR,104.63
3,Metric_3,96.71,Cost,2025-07-31,Sales,136.35
4,Metric_4,99.51,Customer,2025-09-08,Marketing,87.04
5,Metric_5,96.17,Customer,2025-07-28,Operations,130.84
6,Metric_6,52.95,Cost,2025-08-19,Marketing,77.39
7,Metric_7,127.87,Customer,2025-09-13,IT,125.56
8,Metric_8,59.82,Quality,2025-09-30,IT,103.92
9,Metric_9,58.93,Efficiency,2025-07-22,Marketing,73.78
10,Metric_10,119.25,Revenue,2025-08-28,Operations,82.42
11,Metric_11,147.5,Customer,2025-08-03,IT,116.24
12,Metric_12,149.65,Cost,2025-09-28,IT,79.47
13,Metric_13,145.28,Quality,2025-09-22,Sales,108.3
14,Metric_14,96.92,Cost,2025-07-11,Marketing,66.26
15,Metric_15,134.73,Revenue,2025-09-28,Operations,78.57
16,Metric_16,124.55,Customer,2025-07-22,Marketing,62.08
17,Metric_17,70.93,Efficiency,2025-09-10,Sales,101.51
18,Metric_18,101.3,Customer,2025-09-25,HR,111.36
19,Metric_19,109.08,Customer,2025-08-26,Marketing,90.11
20,Metric_20,75.42,Customer,2025-09-08,Marketing,91.51
21,Metric_21,128.97,Revenue,2025-08-18,Marketing,137.26
22,Metric_22,149.88,Efficiency,2025-09-27,Sales,137.96
23,Metric_23,95.73,Cost,2025-07-20,Marketing,74.92
24,Metric_24,96.4,Quality,2025-09-18,Sales,113.7
25,Metric_25,60.75,Efficiency,2025-07-19,Marketing,76.71
26,Metric_26,106.04,Revenue,2025-09-17,Operations,131.06
27,Metric_27,73.63,Customer,2025-10-06,HR,133.34
28,Metric_28,102.92,Customer,2025-08-19,Marketing,113.88
29,Metric_29,57.09,Revenue,2025-08-25,Marketing,73.62
30,Metric_30,133.15,Quality,2025-08-22,IT,96.01
31,Metric_31,123.96,Cost,2025-07-09,Sales,110.88
32,Metric_32,129.41,Quality,2025-09-17,Marketing,139.93
33,Metric_33,143.94,Efficiency,2025-09-16,Operations,97.48
34,Metric_34,76.49,Customer,2025-07-29,HR,93.65
35,Metric_35,131.27,Revenue,2025-08-19,Marketing,105.24
36,Metric_36,120.62,Quality,2025-07-09,Marketing,130.64
37,Metric_37,61.79,Cost,2025-08-13,Sales,113.97
38,Metric_38,107.34,Revenue,2025-07-21,Operations,138.67
39,Metric_39,144.54,Efficiency,2025-07-17,Operations,109.88
40,Metric_40,63.93,Revenue,2025-08-29,Operations,126.52
41,Metric_41,56.27,Revenue,2025-09-24,HR,89.99
42,Metric_42,50.54,Efficiency,2025-10-06,Marketing,114.29
43,Metric_43,112.48,Revenue,2025-07-22,Marketing,73.5
44,Metric_44,69.26,Efficiency,2025-10-07,Operations,131.63
45,Metric_45,120.23,Customer,2025-09-14,HR,62.63
46,Metric_46,53.88,Cost,2025-09-20,Marketing,88.95
47,Metric_47,77.03,Customer,2025-08-27,HR,135.89
48,Metric_48,125.41,Revenue,2025-08-24,IT,139.06
49,Metric_49,111.8,Revenue,2025-09-14,Operations,62.31
50,Metric_50,78.35,Quality,2025-10-03,IT,124.17
51,Metric_51,75.88,Cost,2025-09-28,IT,99.14
52,Metric_52,66.53,Cost,2025-09-15,IT,97.0
53,Metric_53,121.21,Quality,2025-09-27,Sales,123.81
54,Metric_54,72.41,Revenue,2025-07-11,HR,136.07
55,Metric_55,124.71,Efficiency,2025-07-21,IT,127.37
56,Metric_56,77.7,Cost,2025-09-15,HR,109.45
57,Metric_57,52.58,Customer,2025-09-06,Sales,110.32
58,Metric_58,98.92,Efficiency,2025-10-06,HR,89.73
59,Metric_59,121.27,Quality,2025-09-07,Operations,100.4
60,Metric_60,124.99,Revenue,2025-07-14,Marketing,91.26
61,Metric_61,124.45,Revenue,2025-08-03,IT,79.81
62,Metric_62,65.18,Revenue,2025-09-01,Operations,115.46
63,Metric_63,131.58,Customer,2025-08-05,IT,97.7
64,Metric_64,101.18,Cost,2025-08-16,IT,69.46
65,Metric_65,75.35,Cost,2025-07-12,Sales,125.93
66,Metric_66,94.93,Quality,2025-07-29,Sales,87.3
67,Metric_67,112.21,Revenue,2025-08-02,Sales,135.81
68,Metric_68,130.89,Cost,2025-07-21,IT,76.6
69,Metric_69,78.98,Cost,2025-08-29,IT,103.59
70,Metric_70,136.11,Customer,2025-10-03,HR,73.27
71,Metric_71,92.35,Efficiency,2025-07-19,IT,134.72
72,Metric_72,60.73,Customer,2025-10-04,Operations,114.76
73,Metric_73,81.59,Quality,2025-08-17,Sales,66.86
74,Metric_74,50.47,Efficiency,2025-07-21,Marketing,107.68
75,Metric_75,109.67,Efficiency,2025-07-29,Marketing,64.84
76,Metric_76,101.1,Revenue,2025-10-06,Operations,92.26
77,Metric_77,61.01,Customer,2025-08-22,Sales,62.93
78,Metric_78,88.75,Revenue,2025-08-16,HR,81.21
79,Metric_79,115.83,Efficiency,2025-07-18,Marketing,116.93
80,Metric_80,107.02,Customer,2025-10-01,Operations,132.9
81,Metric_81,72.57,Quality,2025-08-12,Marketing,93.06
82,Metric_82,90.09,Efficiency,2025-08-31,HR,63.3
83,Metric_83,101.72,Quality,2025-08-09,HR,85.95
84,Metric_84,128.73,Customer,2025-08-10,IT,69.73
85,Metric_85,97.54,Customer,2025-08-16,HR,119.91
86,Metric_86,61.91,Efficiency,2025-09-04,IT,129.69
87,Metric_87,119.15,Efficiency,2025-07-22,HR,65.39
88,Metric_88,93.98,Revenue,2025-08-19,Sales,102.12
89,Metric_89,74.0,Revenue,2025-10-03,Operations,89.87
90,Metric_90,78.36,Customer,2025-08-04,Operations,104.38
91,Metric_91,84.89,Customer,2025-07-30,IT,66.77
92,Metric_92,54.11,Cost,2025-09-04,HR,120.28
93,Metric_93,72.99,Cost,2025-08-01,IT,120.43
94,Metric_94,80.94,Cost,2025-09-01,IT,99.77
95,Metric_95,64.45,Quality,2025-09-19,IT,67.42
96,Metric_96,108.22,Revenue,2025-08-23,Marketing,94.63
97,Metric_97,116.08,Cost,2025-08-29,Marketing,73.55
98,Metric_98,67.47,Revenue,2025-07-11,Marketing,137.58
99,Metric_99,89.61,Efficiency,2025-10-01,Sales,63.34
100,Metric_100,61.78,Customer,2025-07-17,IT,107.6
101,Metric_101,120.3,Customer,2025-09-30,Sales,75.31
102,Metric_102,101.67,Efficiency,2025-09-14,Sales,136.53
103,Metric_103,135.99,Cost,2025-10-04,Sales,117.12
104,Metric_104,146.47,Quality,2025-09-26,HR,107.08
105,Metric_105,92.01,Customer,2025-09-28,Sales,105.84
106,Metric_106,142.3,Quality,2025-09-26,Marketing,99.63
107,Metric_107,129.66,Efficiency,2025-08-04,Operations,122.09
108,Metric_108,98.04,Quality,2025-08-13,Marketing,114.19
109,Metric_109,51.75,Revenue,2025-07-16,Operations,117.7
110,Metric_110,128.96,Efficiency,2025-07-19,Sales,125.59
111,Metric_111,89.66,Customer,2025-08-04,HR,103.66
112,Metric_112,88.96,Cost,2025-08-26,Marketing,123.36
113,Metric_113,101.99,Efficiency,2025-09-06,Marketing,92.13
114,Metric_114,71.98,Cost,2025-08-05,IT,75.14
115,Metric_115,112.14,Efficiency,2025-08-09,Marketing,72.57
116,Metric_116,51.44,Customer,2025-09-03,Sales,82.83
117,Metric_117,55.41,Customer,2025-08-20,Operations,136.82
118,Metric_118,67.85,Cost,2025-09-27,Marketing,120.4
119,Metric_119,89.97,Quality,2025-08-06,Sales,78.31
120,Metric_120,125.3,Customer,2025-09-06,HR,81.56
121,Metric_121,131.66,Efficiency,2025-09-25,IT,116.96
122,Metric_122,96.9,Efficiency,2025-07-23,IT,127.37
123,Metric_123,56.09,Customer,2025-10-06,Operations,98.13
124,Metric_124,106.4,Quality,2025-07-14,Marketing,76.79
125,Metric_125,136.31,Efficiency,2025-07-18,Marketing,65.04
126,Metric_126,55.15,Revenue,2025-08-15,Sales,109.93
127,Metric_127,74.74,Quality,2025-08-23,IT,134.12
128,Metric_128,67.94,Customer,2025-08-27,Marketing,72.31
129,Metric_129,65.54,Customer,2025-09-03,HR,77.68
130,Metric_130,143.0,Revenue,2025-09-16,HR,99.5
131,Metric_131,133.24,Quality,2025-09-29,Operations,63.34
132,Metric_132,146.68,Efficiency,2025-10-07,Marketing,99.44
133,Metric_133,139.55,Revenue,2025-09-04,Operations,79.04
134,Metric_134,113.36,Efficiency,2025-07-26,Marketing,85.53
135,Metric_135,144.98,Efficiency,2025-09-02,Marketing,128.52
136,Metric_136,65.3,Quality,2025-09-20,HR,125.6
137,Metric_137,146.18,Revenue,2025-07-28,HR,72.39
138,Metric_138,107.41,Efficiency,2025-09-08,IT,61.3
139,Metric_139,139.16,Revenue,2025-07-19,Sales,134.48
140,Metric_140,90.42,Quality,2025-09-13,Operations,72.93
141,Metric_141,125.26,Revenue,2025-09-05,Operations,79.45
142,Metric_142,54.83,Customer,2025-09-30,HR,128.33
143,Metric_143,126.87,Quality,2025-09-10,Sales,81.6
144,Metric_144,115.69,Customer,2025-10-02,IT,105.03
145,Metric_145,56.7,Efficiency,2025-10-06,HR,137.43
146,Metric_146,149.22,Revenue,2025-08-23,Operations,99.32
147,Metric_147,76.51,Cost,2025-09-07,HR,124.65
148,Metric_148,77.94,Cost,2025-07-31,IT,126.19
149,Metric_149,141.22,Revenue,2025-09-01,HR,100.7
150,Metric_150,82.41,Revenue,2025-09-29,Sales,103.07
151,Metric_151,125.53,Efficiency,2025-08-01,IT,76.7
152,Metric_152,140.2,Efficiency,2025-09-18,Operations,106.44
153,Metric_153,52.82,Revenue,2025-08-09,Marketing,111.71
154,Metric_154,107.84,Quality,2025-08-22,Sales,83.61
155,Metric_155,142.57,Efficiency,2025-08-09,Operations,110.87
156,Metric_156,104.42,Efficiency,2025-08-23,Operations,61.54
157,Metric_157,52.08,Revenue,2025-08-12,HR,87.83
158,Metric_158,60.7,Customer,2025-07-28,IT,70.63
159,Metric_159,137.64,Revenue,2025-08-04,Marketing,132.35
160,Metric_160,79.65,Efficiency,2025-09-14,Operations,129.74
161,Metric_161,131.92,Customer,2025-08-13,IT,129.25
162,Metric_162,119.88,Customer,2025-10-03,Marketing,90.58
163,Metric_163,134.14,Efficiency,2025-07-12,Marketing,127.6
164,Metric_164,102.43,Quality,2025-09-06,Operations,71.41
165,Metric_165,100.09,Cost,2025-08-23,IT,87.44
166,Metric_166,135.54,Cost,2025-09-16,Operations,79.78
167,Metric_167,113.75,Quality,2025-07-15,IT,62.1
168,Metric_168,114.85,Quality,2025-07-15,HR,102.08
169,Metric_169,55.27,Cost,2025-09-10,Marketing,119.33
170,Metric_170,53.63,Quality,2025-08-05,Marketing,128.29
171,Metric_171,63.94,Quality,2025-08-01,Sales,119.01
172,Metric_172,83.32,Revenue,2025-08-13,IT,107.02
173,Metric_173,129.98,Customer,2025-08-08,Operations,92.32
174,Metric_174,119.66,Quality,2025-08-19,Sales,93.51
175,Metric_175,140.26,Revenue,2025-09-15,IT,99.82
176,Metric_176,53.84,Revenue,2025-09-10,HR,68.05
177,Metric_177,103.95,Customer,2025-07-21,HR,70.36
178,Metric_178,67.39,Customer,2025-09-15,IT,119.65
179,Metric_179,140.63,Customer,2025-09-28,HR,133.65
180,Metric_180,69.7,Efficiency,2025-10-01,Operations,94.9
181,Metric_181,127.18,Customer,2025-08-14,IT,70.65
182,Metric_182,139.67,Quality,2025-09-02,Operations,65.34
183,Metric_183,104.24,Cost,2025-10-02,HR,133.77
184,Metric_184,57.29,Quality,2025-07-21,Marketing,96.75
185,Metric_185,113.82,Revenue,2025-07-12,IT,121.73
186,Metric_186,64.53,Revenue,2025-09-30,IT,130.02
187,Metric_187,134.71,Cost,2025-08-15,Operations,137.32
188,Metric_188,99.77,Revenue,2025-07-26,Marketing,84.56
189,Metric_189,118.4,Efficiency,2025-09-09,IT,93.0
190,Metric_190,72.9,Customer,2025-07-25,IT,79.23
191,Metric_191,128.01,Customer,2025-09-11,Operations,65.25
192,Metric_192,72.77,Quality,2025-07-10,Operations,101.19
193,Metric_193,78.05,Quality,2025-07-21,Marketing,80.97
194,Metric_194,60.38,Cost,2025-09-24,IT,130.95
195,Metric_195,88.8,Revenue,2025-07-29,IT,136.52
196,Metric_196,58.68,Quality,2025-09-02,IT,132.62
197,Metric_197,61.83,Revenue,2025-10-07,Operations,87.59
198,Metric_198,81.9,Efficiency,2025-08-26,Marketing,81.0
199,Metric_199,75.31,Quality,2025-08-13,IT,138.69
200,Metric_200,144.72,Quality,2025-07-27,Sales,117.79
