Unnamed: 0,Unnamed: 1,Unnamed: 2,Unnamed: 3,Unnamed: 4,Unnamed: 5,Unnamed: 6,Unnamed: 7,Unnamed: 8,Allocation %,Unnamed: 10,Unnamed: 11,Unnamed: 12,Unnamed: 13,Unnamed: 14,Unnamed: 15,Unnamed: 16,Unnamed: 17,Unnamed: 18,Unnamed: 19,Unnamed: 20
Resource Code,Resource Origination Unit,Project name,Resource Status,Resource  Allocation,Resource Start  Date,Resource End  Date,Resource Actual  End Date,Active/Inactive,2025-01-01 00:00:00,2025-02-01 00:00:00,2025-03-01 00:00:00,2025-04-01 00:00:00,2025-05-01 00:00:00,2025-06-01 00:00:00,2025-07-01 00:00:00,2025-08-01 00:00:00,2025-09-01 00:00:00,2025-10-01 00:00:00,2025-11-01 00:00:00,2025-12-01 00:00:00
WAPL-MC-E0617,USA,11,Confirmed,49.78,23-Apr-2025,28-Feb-2026,,Active,0,0,0,49.78,49.78,49.78,49.78,49.78,49.78,49.78,49.78,49.78
WAPL-MC-E0617,USA,36,Confirmed,49,17-Jul-2025,30-Sep-2025,,Active,0,0,0,0,0,0,49,49,49,0,0,0
WAPL-MC-E0617,USA,86,Bench,0,01-Sep-2023,01-Jan-2200,,Active,0,0,0,0,0,0,0,0,0,0,0,0
WAPL-MC-E0617,USA,77,Bench,0,01-Sep-2023,01-Jan-2200,,Active,0,0,0,0,0,0,0,0,0,0,0,0
WAPL-MC-E0611,INDIA,41,Confirmed,10,19-Aug-2025,19-Sep-2025,,Active,0,0,0,0,0,0,0,10,10,0,0,0
WAPL-MC-E0611,INDIA,76,Confirmed,10,17-Jul-2025,17-Jul-2025,,Active,0,0,0,0,0,0,10,0,0,0,0,0
WAPL-MC-E0611,INDIA,86,Bench,0,04-Jul-2023,01-Jan-2200,,Active,0,0,0,0,0,0,0,0,0,0,0,0
WAPL-MC-E0611,INDIA,77,Bench,0,04-Jul-2023,01-Jan-2200,,Active,0,0,0,0,0,0,0,0,0,0,0,0
WAPL-MC-E0608,INDIA,78,Confirmed,40,29-Aug-2025,31-Dec-2025,,Active,0,0,0,0,0,0,0,40,40,40,40,40
WAPL-MC-E0608,INDIA,60,Confirmed,25,16-Jul-2025,16-Sep-2025,,Active,0,0,0,0,0,0,25,25,25,0,0,0
WAPL-MC-E0608,INDIA,47,Confirmed,20,30-Jun-2025,30-Jun-2025,,Active,0,0,0,0,0,20,0,0,0,0,0,0
WAPL-MC-E0608,INDIA,102,Confirmed,5,18-Sep-2025,30-Sep-2025,,Active,0,0,0,0,0,0,0,0,5,0,0,0
WAPL-MC-E0608,INDIA,86,Bench,0,06-Dec-2023,01-Jan-2200,,Active,0,0,0,0,0,0,0,0,0,0,0,0
WAPL-MC-E0608,INDIA,77,Bench,0,06-Dec-2023,01-Jan-2200,,Active,0,0,0,0,0,0,0,0,0,0,0,0
WAPL-MC-E0536,INDIA,73,Confirmed,30,01-Sep-2025,31-Oct-2025,,Active,0,0,0,0,0,0,0,0,30,30,0,0
WAPL-MC-E0536,INDIA,4,Confirmed,25,01-Jul-2025,31-Aug-2025,,Active,0,0,0,0,0,0,25,25,0,0,0,0
WAPL-MC-E0536,INDIA,64,Confirmed,25,01-Aug-2025,31-Dec-2025,,Active,0,0,0,0,0,0,0,25,25,25,25,25
WAPL-MC-E0536,INDIA,39,Confirmed,10,01-Sep-2025,31-Oct-2025,,Active,0,0,0,0,0,0,0,0,10,10,0,0
WAPL-MC-E0536,INDIA,86,Bench,0,26-Sep-2022,01-Jan-2200,,Active,0,0,0,0,0,0,0,0,0,0,0,0
WAPL-MC-E0536,INDIA,77,Bench,0,26-Sep-2022,01-Jan-2200,,Active,0,0,0,0,0,0,0,0,0,0,0,0
WAPL-MC-E0514,INDIA,58,Confirmed,50,01-Jun-2025,30-Sep-2025,,Active,0,0,0,0,0,50,50,50,50,0,0,0
WAPL-MC-E0514,INDIA,45,Confirmed,50,11-Mar-2025,31-Mar-2026,,Active,0,0,50,50,50,50,50,50,50,50,50,50
WAPL-MC-E0514,INDIA,86,Bench,0,07-Nov-2022,01-Jan-2200,,Active,0,0,0,0,0,0,0,0,0,0,0,0
WAPL-MC-E0514,INDIA,77,Bench,0,07-Nov-2022,01-Jan-2200,,Active,0,0,0,0,0,0,0,0,0,0,0,0
WAPL-MC-E0531,USA,25,Confirmed,40,28-Oct-2024,31-Mar-2026,,Active,40,40,40,40,40,40,40,40,40,40,40,40
WAPL-MC-E0531,USA,79,Confirmed,5,24-Apr-2025,31-Mar-2026,,Active,0,0,0,5,5,5,5,5,5,5,5,5
WAPL-MC-E0531,USA,86,Bench,0,15-Sep-2022,01-Jan-2200,,Active,0,0,0,0,0,0,0,0,0,0,0,0
WAPL-MC-E0531,USA,77,Bench,0,15-Sep-2022,01-Jan-2200,,Active,0,0,0,0,0,0,0,0,0,0,0,0
WAPL-MC-E0404,INDIA,75,Confirmed,100,01-Jun-2024,31-Mar-2026,,Active,100,100,100,100,100,100,100,100,100,100,100,100
WAPL-MC-E0404,INDIA,86,Bench,0,07-Apr-2021,01-Jan-2200,,Active,0,0,0,0,0,0,0,0,0,0,0,0
WAPL-MC-E0404,INDIA,77,Bench,0,07-Apr-2021,01-Jan-2200,,Active,0,0,0,0,0,0,0,0,0,0,0,0
WAPL-MC-E0431,INDIA,86,Bench,0,09-Sep-2021,01-Jan-2200,,Active,0,0,0,0,0,0,0,0,0,0,0,0
WAPL-MC-E0431,INDIA,77,Bench,0,09-Sep-2021,01-Jan-2200,,Active,0,0,0,0,0,0,0,0,0,0,0,0
WAPL-MC-E0554,INDIA,33,Confirmed,20,25-Nov-2024,31-Mar-2026,,Active,20,20,20,20,20,20,20,20,20,20,20,20
WAPL-MC-E0554,INDIA,94,Confirmed,20,25-Nov-2024,31-Jan-2025,,Active,20,0,0,0,0,0,0,0,0,0,0,0
WAPL-MC-E0554,INDIA,102,Confirmed,15,01-Jul-2025,30-Sep-2025,,Active,0,0,0,0,0,0,15,15,15,0,0,0
WAPL-MC-E0554,INDIA,7,Confirmed,10,27-Dec-2024,31-Mar-2026,,Active,10,10,10,10,10,10,10,10,10,10,10,10
WAPL-MC-E0554,INDIA,84,Confirmed,10,12-Dec-2024,31-Mar-2025,,Active,10,10,10,0,0,0,0,0,0,0,0,0
WAPL-MC-E0554,INDIA,58,Confirmed,10,21-Mar-2025,15-Aug-2025,,Active,0,0,10,10,10,10,10,10,0,0,0,0
WAPL-MC-E0554,INDIA,78,Confirmed,10,01-Jun-2025,31-Dec-2025,,Active,0,0,0,0,0,10,10,10,10,10,10,10
WAPL-MC-E0554,INDIA,90,Confirmed,10,06-Aug-2025,30-Sep-2025,,Active,0,0,0,0,0,0,0,10,10,0,0,0
WAPL-MC-E0554,INDIA,4,Confirmed,5,25-Nov-2024,31-Mar-2025,,Active,5,5,5,0,0,0,0,0,0,0,0,0
WAPL-MC-E0554,INDIA,86,Bench,0,12-Dec-2022,01-Jan-2200,,Active,0,0,0,0,0,0,0,0,0,0,0,0
WAPL-MC-E0554,INDIA,77,Bench,0,12-Dec-2022,01-Jan-2200,,Active,0,0,0,0,0,0,0,0,0,0,0,0
WAPL-MC-E0541,USA,79,Confirmed,100,28-Oct-2024,31-Mar-2026,,Active,100,100,100,100,100,100,100,100,100,100,100,100
WAPL-MC-E0541,USA,86,Bench,0,10-Oct-2022,01-Jan-2200,,Active,0,0,0,0,0,0,0,0,0,0,0,0
WAPL-MC-E0541,USA,77,Bench,0,10-Oct-2022,01-Jan-2200,,Active,0,0,0,0,0,0,0,0,0,0,0,0
WAPL-MC-E0597,INDIA,45,Confirmed,50,11-Mar-2025,11-Mar-2026,,Active,0,0,50,50,50,50,50,50,50,50,50,50
WAPL-MC-E0597,INDIA,60,Confirmed,40,28-Jul-2025,16-Sep-2025,,Active,0,0,0,0,0,0,40,40,40,0,0,0
WAPL-MC-E0597,INDIA,33,Confirmed,20,27-May-2024,30-Jun-2025,,Active,20,20,20,20,20,20,0,0,0,0,0,0
WAPL-MC-E0597,INDIA,84,Confirmed,20,12-Dec-2024,31-Mar-2025,,Active,20,20,20,0,0,0,0,0,0,0,0,0
WAPL-MC-E0597,INDIA,102,Confirmed,10,01-Jul-2025,30-Sep-2025,,Active,0,0,0,0,0,0,10,10,10,0,0,0
WAPL-MC-E0597,INDIA,86,Bench,0,01-May-2023,01-Jan-2200,,Active,0,0,0,0,0,0,0,0,0,0,0,0
WAPL-MC-E0597,INDIA,77,Bench,0,01-May-2023,01-Jan-2200,,Active,0,0,0,0,0,0,0,0,0,0,0,0
WAPL-MC-E0391,INDIA,75,Confirmed,60,21-Jul-2025,31-Mar-2026,,Active,0,0,0,0,0,0,60,60,60,60,60,60
WAPL-MC-E0391,INDIA,38,Confirmed,10,25-Sep-2024,31-Mar-2026,,Active,10,10,10,10,10,10,10,10,10,10,10,10
WAPL-MC-E0391,INDIA,36,Confirmed,10,21-Jul-2025,30-Sep-2025,,Active,0,0,0,0,0,0,10,10,10,0,0,0
WAPL-MC-E0391,INDIA,56,Confirmed,9,01-Jun-2024,31-Mar-2026,,Active,9,9,9,9,9,9,9,9,9,9,9,9
WAPL-MC-E0391,INDIA,86,Bench,0,02-Dec-2021,01-Jan-2200,,Active,0,0,0,0,0,0,0,0,0,0,0,0
WAPL-MC-E0391,INDIA,77,Bench,0,02-Dec-2021,01-Jan-2200,,Active,0,0,0,0,0,0,0,0,0,0,0,0
WAPL-MC-E0475,INDIA,100,Confirmed,100,30-May-2024,31-Mar-2026,,Active,100,100,100,100,100,100,100,100,100,100,100,100
WAPL-MC-E0475,INDIA,86,Bench,0,25-Mar-2022,01-Jan-2200,,Active,0,0,0,0,0,0,0,0,0,0,0,0
WAPL-MC-E0475,INDIA,77,Bench,0,25-Mar-2022,01-Jan-2200,,Active,0,0,0,0,0,0,0,0,0,0,0,0
WAPL-MC-E0342,INDIA,90,Confirmed,25,06-Aug-2025,30-Sep-2025,,Active,0,0,0,0,0,0,0,25,25,0,0,0
WAPL-MC-E0342,INDIA,28,Confirmed,20,28-Oct-2024,31-Mar-2026,,Active,20,20,20,20,20,20,20,20,20,20,20,20
WAPL-MC-E0342,INDIA,88,Confirmed,20,29-May-2024,31-Mar-2026,,Active,20,20,20,20,20,20,20,20,20,20,20,20
WAPL-MC-E0342,INDIA,66,Confirmed,10,08-Nov-2024,31-Mar-2026,,Active,10,10,10,10,10,10,10,10,10,10,10,10
WAPL-MC-E0342,INDIA,64,Confirmed,10,01-Sep-2025,31-Dec-2025,,Active,0,0,0,0,0,0,0,0,10,10,10,10
WAPL-MC-E0342,INDIA,39,Confirmed,2,20-Sep-2024,31-Mar-2025,,Active,2,2,2,0,0,0,0,0,0,0,0,0
WAPL-MC-E0342,INDIA,86,Bench,0,30-Oct-2019,01-Jan-2200,,Active,0,0,0,0,0,0,0,0,0,0,0,0
WAPL-MC-E0342,INDIA,77,Bench,0,30-Oct-2019,01-Jan-2200,,Active,0,0,0,0,0,0,0,0,0,0,0,0
WAPL-MC-E0483,INDIA,29,Confirmed,100,28-Nov-2024,31-Jan-2025,,Active,100,0,0,0,0,0,0,0,0,0,0,0
WAPL-MC-E0483,INDIA,86,Bench,0,04-Nov-2022,01-Jan-2200,,Active,0,0,0,0,0,0,0,0,0,0,0,0
WAPL-MC-E0483,INDIA,77,Bench,0,04-Nov-2022,01-Jan-2200,,Active,0,0,0,0,0,0,0,0,0,0,0,0
WAPL-MC-E0634,INDIA,86,Bench,0,01-Mar-2024,01-Jan-2200,,Active,0,0,0,0,0,0,0,0,0,0,0,0
WAPL-MC-E0634,INDIA,77,Bench,0,01-Mar-2024,01-Jan-2200,,Active,0,0,0,0,0,0,0,0,0,0,0,0
WAPL-MC-C0205,INDIA,86,Bench,0,20-Jan-2022,01-Jan-2200,,Active,0,0,0,0,0,0,0,0,0,0,0,0
WAPL-MC-C0205,INDIA,77,Bench,0,20-Jan-2022,01-Jan-2200,,Active,0,0,0,0,0,0,0,0,0,0,0,0
OUTSOURCE5,INDIA,28,Confirmed,100,01-Jun-2024,31-Mar-2026,,Active,100,100,100,100,100,100,100,100,100,100,100,100
OUTSOURCE5,INDIA,86,Bench,0,02-Nov-2019,01-Jan-2200,,Active,0,0,0,0,0,0,0,0,0,0,0,0
OUTSOURCE5,INDIA,77,Bench,0,02-Nov-2019,01-Jan-2200,,Active,0,0,0,0,0,0,0,0,0,0,0,0
WAPL-MC-E0609,INDIA,64,Confirmed,100,01-Feb-2025,31-Dec-2025,,Active,0,100,100,100,100,100,100,100,100,100,100,100
WAPL-MC-E0609,INDIA,86,Bench,0,15-Jun-2023,01-Jan-2200,,Active,0,0,0,0,0,0,0,0,0,0,0,0
WAPL-MC-E0609,INDIA,77,Bench,0,15-Jun-2023,01-Jan-2200,,Active,0,0,0,0,0,0,0,0,0,0,0,0
WAPL-MC-E0046,INDIA,35,Confirmed,95,01-Dec-2024,31-Mar-2025,,Active,95,95,95,0,0,0,0,0,0,0,0,0
WAPL-MC-E0046,INDIA,8,Confirmed,5,28-Oct-2024,28-Feb-2026,,Active,5,5,5,5,5,5,5,5,5,5,5,5
WAPL-MC-E0046,INDIA,86,Bench,0,03-Apr-2015,01-Jan-2200,,Active,0,0,0,0,0,0,0,0,0,0,0,0
WAPL-MC-E0046,INDIA,77,Bench,0,03-Apr-2015,01-Jan-2200,,Active,0,0,0,0,0,0,0,0,0,0,0,0
WAPL-MC-E0485,INDIA,75,Confirmed,100,01-Jun-2024,31-Mar-2026,,Active,100,100,100,100,100,100,100,100,100,100,100,100
WAPL-MC-E0485,INDIA,86,Bench,0,18-Apr-2022,01-Jan-2200,,Active,0,0,0,0,0,0,0,0,0,0,0,0
WAPL-MC-E0485,INDIA,77,Bench,0,18-Apr-2022,01-Jan-2200,,Active,0,0,0,0,0,0,0,0,0,0,0,0
WAPL-MC-E0499,INDIA,73,Functional,25,01-May-2025,25-Sep-2025,,Active,0,0,0,0,25,25,25,25,25,0,0,0
WAPL-MC-E0499,INDIA,80,Confirmed,25,04-Jun-2025,30-Nov-2025,,Active,0,0,0,0,0,25,25,25,25,25,25,0
WAPL-MC-E0499,INDIA,64,Confirmed,20,21-Feb-2025,31-Dec-2025,,Active,0,20,20,20,20,20,20,20,20,20,20,20
WAPL-MC-E0499,INDIA,4,Confirmed,15,08-Oct-2024,31-Aug-2025,,Active,15,15,15,15,15,15,15,15,0,0,0,0
WAPL-MC-E0499,INDIA,37,Confirmed,5,03-Dec-2024,31-Mar-2025,,Active,5,5,5,0,0,0,0,0,0,0,0,0
WAPL-MC-E0499,INDIA,86,Bench,0,23-May-2022,01-Jan-2200,,Active,0,0,0,0,0,0,0,0,0,0,0,0
WAPL-MC-E0499,INDIA,77,Bench,0,23-May-2022,01-Jan-2200,,Active,0,0,0,0,0,0,0,0,0,0,0,0
WAPL-MC-E0613,INDIA,86,Bench,0,07-Oct-2023,01-Jan-2200,,Active,0,0,0,0,0,0,0,0,0,0,0,0
WAPL-MC-E0613,INDIA,77,Bench,0,07-Oct-2023,01-Jan-2200,,Active,0,0,0,0,0,0,0,0,0,0,0,0
WAPL-MC-C0182,USA,9,Confirmed,100,06-Jan-2025,31-Jan-2025,,Active,100,0,0,0,0,0,0,0,0,0,0,0
WAPL-MC-C0182,USA,57,Confirmed,100,01-Feb-2025,28-Feb-2025,,Active,0,100,0,0,0,0,0,0,0,0,0,0
WAPL-MC-C0182,USA,59,Confirmed,1,24-Apr-2025,31-Dec-2025,,Active,0,0,0,1,1,1,1,1,1,1,1,1
WAPL-MC-C0182,USA,86,Bench,0,09-Aug-2021,01-Jan-2200,,Active,0,0,0,0,0,0,0,0,0,0,0,0
WAPL-MC-C0182,USA,77,Bench,0,09-Aug-2021,01-Jan-2200,,Active,0,0,0,0,0,0,0,0,0,0,0,0
WAPL-MC-E0604,INDIA,73,Confirmed,100,17-May-2025,31-Oct-2025,,Active,0,0,0,0,100,100,100,100,100,100,0,0
WAPL-MC-E0604,INDIA,33,Confirmed,50,27-May-2024,31-Mar-2025,,Active,50,50,50,0,0,0,0,0,0,0,0,0
WAPL-MC-E0604,INDIA,86,Bench,0,01-Jun-2023,01-Jan-2200,,Active,0,0,0,0,0,0,0,0,0,0,0,0
WAPL-MC-E0604,INDIA,77,Bench,0,01-Jun-2023,01-Jan-2200,,Active,0,0,0,0,0,0,0,0,0,0,0,0
WAPL-MC-E0366,INDIA,45,Confirmed,33,11-Mar-2025,31-Mar-2026,,Active,0,0,33,33,33,33,33,33,33,33,33,33
WAPL-MC-E0366,INDIA,46,,20,01-Apr-2025,30-Jun-2025,,Active,0,0,0,20,20,20,0,0,0,0,0,0
WAPL-MC-E0366,INDIA,32,Confirmed,10,02-Jun-2024,31-Mar-2025,,Active,10,10,10,0,0,0,0,0,0,0,0,0
WAPL-MC-E0366,INDIA,99,Confirmed,10,02-Jun-2024,31-Mar-2026,,Active,10,10,10,10,10,10,10,10,10,10,10,10
WAPL-MC-E0366,INDIA,54,Confirmed,10,28-Feb-2025,30-Apr-2025,,Active,0,10,10,10,0,0,0,0,0,0,0,0
WAPL-MC-E0366,INDIA,42,Confirmed,7,12-Sep-2024,31-Jul-2025,,Active,7,7,7,7,7,7,7,0,0,0,0,0
WAPL-MC-E0366,INDIA,86,Bench,0,16-Mar-2020,01-Jan-2200,,Active,0,0,0,0,0,0,0,0,0,0,0,0
WAPL-MC-E0366,INDIA,77,Bench,0,16-Mar-2020,01-Jan-2200,,Active,0,0,0,0,0,0,0,0,0,0,0,0
WAPL-MC-E0521,INDIA,75,Confirmed,90,13-Jan-2025,31-Mar-2026,,Active,90,90,90,90,90,90,90,90,90,90,90,90
WAPL-MC-E0521,INDIA,86,Bench,0,07-Aug-2022,01-Jan-2200,,Active,0,0,0,0,0,0,0,0,0,0,0,0
WAPL-MC-E0521,INDIA,77,Bench,0,07-Aug-2022,01-Jan-2200,,Active,0,0,0,0,0,0,0,0,0,0,0,0
WAPL-MC-E0437,INDIA,16,Confirmed,60,25-Oct-2024,31-Mar-2025,,Active,60,60,60,0,0,0,0,0,0,0,0,0
WAPL-MC-E0437,INDIA,97,Confirmed,30,15-Sep-2025,15-Sep-2025,,Active,0,0,0,0,0,0,0,0,30,0,0,0
WAPL-MC-E0437,INDIA,105,Confirmed,30,28-Jul-2025,30-Jun-2026,,Active,0,0,0,0,0,0,30,30,30,30,30,30
WAPL-MC-E0437,INDIA,1,Confirmed,10,02-Jun-2024,15-Jun-2025,,Active,10,10,10,10,10,10,0,0,0,0,0,0
WAPL-MC-E0437,INDIA,86,Bench,0,01-Oct-2021,01-Jan-2200,,Active,0,0,0,0,0,0,0,0,0,0,0,0
WAPL-MC-E0437,INDIA,77,Bench,0,01-Oct-2021,01-Jan-2200,,Active,0,0,0,0,0,0,0,0,0,0,0,0
WAPL-MC-E0257,INDIA,8,Confirmed,30,10-May-2024,28-Feb-2026,,Active,30,30,30,30,30,30,30,30,30,30,30,30
WAPL-MC-E0257,INDIA,33,Confirmed,25,15-Sep-2025,31-Mar-2026,,Active,0,0,0,0,0,0,0,0,25,25,25,25
WAPL-MC-E0257,INDIA,73,Functional,15,15-Sep-2025,31-Oct-2025,,Active,0,0,0,0,0,0,0,0,15,15,0,0
WAPL-MC-E0257,INDIA,101,Confirmed,15,01-Sep-2025,17-Dec-2025,,Active,0,0,0,0,0,0,0,0,15,15,15,15
WAPL-MC-E0257,INDIA,14,Confirmed,10,28-Oct-2024,24-Jan-2025,,Active,10,0,0,0,0,0,0,0,0,0,0,0
WAPL-MC-E0257,INDIA,47,Confirmed,10,03-Apr-2025,30-Jun-2025,,Active,0,0,0,10,10,10,0,0,0,0,0,0
WAPL-MC-E0257,INDIA,67,Confirmed,10,26-Apr-2025,31-Mar-2026,,Active,0,0,0,10,10,10,10,10,10,10,10,10
WAPL-MC-E0257,INDIA,86,Bench,0,18-Jun-2018,01-Jan-2200,,Active,0,0,0,0,0,0,0,0,0,0,0,0
WAPL-MC-E0257,INDIA,77,Bench,0,18-Jun-2018,01-Jan-2200,,Active,0,0,0,0,0,0,0,0,0,0,0,0
WAPL-MC-E0544,USA,15,Confirmed,100,28-Oct-2024,31-Mar-2028,,Active,100,100,100,100,100,100,100,100,100,100,100,100
WAPL-MC-E0544,USA,86,Bench,0,19-Oct-2022,01-Jan-2200,,Active,0,0,0,0,0,0,0,0,0,0,0,0
WAPL-MC-E0544,USA,77,Bench,0,19-Oct-2022,01-Jan-2200,,Active,0,0,0,0,0,0,0,0,0,0,0,0
WAPL-MC-E0619,INDIA,61,Confirmed,100,06-May-2025,21-Sep-2025,,Active,0,0,0,0,100,100,100,100,100,0,0,0
WAPL-MC-E0619,INDIA,86,Bench,0,06-Nov-2023,01-Jan-2200,,Active,0,0,0,0,0,0,0,0,0,0,0,0
WAPL-MC-E0619,INDIA,77,Bench,0,06-Nov-2023,01-Jan-2200,,Active,0,0,0,0,0,0,0,0,0,0,0,0
WAPL-MC-E0626,INDIA,8,Confirmed,100,01-Sep-2025,28-Feb-2026,,Active,0,0,0,0,0,0,0,0,100,100,100,100
WAPL-MC-E0626,INDIA,86,Bench,0,01-Feb-2024,01-Jan-2200,,Active,0,0,0,0,0,0,0,0,0,0,0,0
WAPL-MC-E0626,INDIA,77,Bench,0,01-Feb-2024,01-Jan-2200,,Active,0,0,0,0,0,0,0,0,0,0,0,0
WAPL-MC-C0225,INDIA,75,Confirmed,100,01-Jun-2024,31-Mar-2026,,Active,100,100,100,100,100,100,100,100,100,100,100,100
WAPL-MC-C0225,INDIA,86,Bench,0,25-Aug-2022,01-Jan-2200,,Active,0,0,0,0,0,0,0,0,0,0,0,0
WAPL-MC-C0225,INDIA,77,Bench,0,25-Aug-2022,01-Jan-2200,,Active,0,0,0,0,0,0,0,0,0,0,0,0
WAPL-MC-E0403,INDIA,86,Bench,0,05-Apr-2021,01-Jan-2200,,Active,0,0,0,0,0,0,0,0,0,0,0,0
WAPL-MC-E0403,INDIA,77,Bench,0,05-Apr-2021,01-Jan-2200,,Active,0,0,0,0,0,0,0,0,0,0,0,0
WAPL-MC-E0398,INDIA,33,Confirmed,50,05-Sep-2024,31-Mar-2026,,Active,50,50,50,50,50,50,50,50,50,50,50,50
WAPL-MC-E0398,INDIA,90,Confirmed,25,06-Aug-2025,30-Sep-2025,,Active,0,0,0,0,0,0,0,25,25,0,0,0
WAPL-MC-E0398,INDIA,58,Confirmed,10,01-Sep-2025,30-Sep-2025,,Active,0,0,0,0,0,0,0,0,10,0,0,0
WAPL-MC-E0398,INDIA,81,Confirmed,5,01-Aug-2025,30-Nov-2025,,Active,0,0,0,0,0,0,0,5,5,5,5,0
WAPL-MC-E0398,INDIA,86,Bench,0,23-Mar-2021,01-Jan-2200,,Active,0,0,0,0,0,0,0,0,0,0,0,0
WAPL-MC-E0398,INDIA,77,Bench,0,23-Mar-2021,01-Jan-2200,,Active,0,0,0,0,0,0,0,0,0,0,0,0
WAPL-MC-E0615,USA,79,Confirmed,100,01-Apr-2025,31-Mar-2026,,Active,0,0,0,100,100,100,100,100,100,100,100,100
WAPL-MC-E0615,USA,86,Bench,0,01-Aug-2023,01-Jan-2200,,Active,0,0,0,0,0,0,0,0,0,0,0,0
WAPL-MC-E0615,USA,77,Bench,0,01-Aug-2023,01-Jan-2200,,Active,0,0,0,0,0,0,0,0,0,0,0,0
WAPL-MC-E0464,INDIA,38,Confirmed,100,01-Jun-2024,31-Mar-2026,,Active,100,100,100,100,100,100,100,100,100,100,100,100
WAPL-MC-E0464,INDIA,86,Bench,0,20-Jan-2022,01-Jan-2200,,Active,0,0,0,0,0,0,0,0,0,0,0,0
WAPL-MC-E0464,INDIA,77,Bench,0,20-Jan-2022,01-Jan-2200,,Active,0,0,0,0,0,0,0,0,0,0,0,0
WAPL-MC-E0409,USA,21,Confirmed,40,24-Apr-2025,30-Sep-2026,,Active,0,0,0,40,40,40,40,40,40,40,40,40
WAPL-MC-E0409,USA,92,Confirmed,30,01-Apr-2025,31-Mar-2026,,Active,0,0,0,30,30,30,30,30,30,30,30,30
WAPL-MC-E0409,USA,20,Confirmed,30,24-Apr-2025,30-Apr-2027,,Active,0,0,0,30,30,30,30,30,30,30,30,30
WAPL-MC-E0409,USA,86,Bench,0,03-May-2021,01-Jan-2200,,Active,0,0,0,0,0,0,0,0,0,0,0,0
WAPL-MC-E0409,USA,77,Bench,0,03-May-2021,01-Jan-2200,,Active,0,0,0,0,0,0,0,0,0,0,0,0
WAPL-MC-E0628,USA,25,Confirmed,95,01-Apr-2025,31-Mar-2026,,Active,0,0,0,95,95,95,95,95,95,95,95,95
WAPL-MC-E0628,USA,106,Confirmed,10,13-Feb-2025,31-Mar-2025,,Active,0,10,10,0,0,0,0,0,0,0,0,0
WAPL-MC-E0628,USA,86,Bench,0,12-Feb-2024,01-Jan-2200,,Active,0,0,0,0,0,0,0,0,0,0,0,0
WAPL-MC-E0628,USA,77,Bench,0,12-Feb-2024,01-Jan-2200,,Active,0,0,0,0,0,0,0,0,0,0,0,0
WAPL-MC-E0438,INDIA,65,Confirmed,100,30-May-2024,31-Dec-2025,,Active,100,100,100,100,100,100,100,100,100,100,100,100
WAPL-MC-E0438,INDIA,86,Bench,0,18-Oct-2021,01-Jan-2200,,Active,0,0,0,0,0,0,0,0,0,0,0,0
WAPL-MC-E0438,INDIA,77,Bench,0,18-Oct-2021,01-Jan-2200,,Active,0,0,0,0,0,0,0,0,0,0,0,0
WAPL-MC-E0629,INDIA,57,Confirmed,50,15-Jan-2025,28-Feb-2025,,Active,50,50,0,0,0,0,0,0,0,0,0,0
WAPL-MC-E0629,INDIA,41,Confirmed,50,08-May-2025,19-Sep-2025,,Active,0,0,0,0,50,50,50,50,50,0,0,0
WAPL-MC-E0629,INDIA,76,Confirmed,50,17-Jul-2025,17-Jul-2025,,Active,0,0,0,0,0,0,50,0,0,0,0,0
WAPL-MC-E0629,INDIA,101,Confirmed,50,24-Aug-2025,17-Dec-2025,,Active,0,0,0,0,0,0,0,50,50,50,50,50
WAPL-MC-E0629,INDIA,107,Confirmed,50,22-Sep-2025,30-Nov-2025,,Active,0,0,0,0,0,0,0,0,50,50,50,0
WAPL-MC-E0629,INDIA,86,Bench,0,26-Feb-2024,01-Jan-2200,,Active,0,0,0,0,0,0,0,0,0,0,0,0
WAPL-MC-E0629,INDIA,77,Bench,0,26-Feb-2024,01-Jan-2200,,Active,0,0,0,0,0,0,0,0,0,0,0,0
WAPL-MC-E0231,USA,21,Confirmed,20,01-Apr-2025,30-Sep-2026,,Active,0,0,0,20,20,20,20,20,20,20,20,20
WAPL-MC-E0231,USA,11,Confirmed,10,15-Jul-2025,28-Feb-2026,,Active,0,0,0,0,0,0,10,10,10,10,10,10
WAPL-MC-E0231,USA,86,Bench,0,12-Mar-2018,01-Jan-2200,,Active,0,0,0,0,0,0,0,0,0,0,0,0
WAPL-MC-E0231,USA,77,Bench,0,12-Mar-2018,01-Jan-2200,,Active,0,0,0,0,0,0,0,0,0,0,0,0
WAPL-MC-E0472,USA,15,Confirmed,100,28-Oct-2024,31-May-2025,,Active,100,100,100,100,100,0,0,0,0,0,0,0
WAPL-MC-E0472,USA,86,Bench,0,17-Sep-2024,01-Jan-2200,,Active,0,0,0,0,0,0,0,0,0,0,0,0
WAPL-MC-E0472,USA,77,Bench,0,17-Sep-2024,01-Jan-2200,,Active,0,0,0,0,0,0,0,0,0,0,0,0
WAPL-MC-E0328,INDIA,36,Confirmed,80,01-Aug-2025,30-Sep-2025,,Active,0,0,0,0,0,0,0,80,80,0,0,0
WAPL-MC-E0328,INDIA,75,Confirmed,20,01-Aug-2025,31-Mar-2026,,Active,0,0,0,0,0,0,0,20,20,20,20,20
WAPL-MC-E0328,INDIA,86,Bench,0,06-Jun-2019,01-Jan-2200,,Active,0,0,0,0,0,0,0,0,0,0,0,0
WAPL-MC-E0328,INDIA,77,Bench,0,06-Jun-2019,01-Jan-2200,,Active,0,0,0,0,0,0,0,0,0,0,0,0
WAPL-MC-C0235,INDIA,86,Bench,0,01-Feb-2023,01-Jan-2200,,Active,0,0,0,0,0,0,0,0,0,0,0,0
WAPL-MC-C0235,INDIA,77,Bench,0,01-Feb-2023,01-Jan-2200,,Active,0,0,0,0,0,0,0,0,0,0,0,0
WAPL-MC-E0444,USA,11,Confirmed,20,01-Apr-2025,28-Feb-2026,,Active,0,0,0,20,20,20,20,20,20,20,20,20
WAPL-MC-E0444,USA,21,Confirmed,20,01-Apr-2025,30-Sep-2026,,Active,0,0,0,20,20,20,20,20,20,20,20,20
WAPL-MC-E0444,USA,20,Confirmed,20,01-Apr-2025,30-Apr-2027,,Active,0,0,0,20,20,20,20,20,20,20,20,20
WAPL-MC-E0444,USA,68,Confirmed,20,16-Dec-2024,31-Dec-2025,,Active,20,20,20,20,20,20,20,20,20,20,20,20
WAPL-MC-E0444,USA,25,Confirmed,10,01-Apr-2025,31-Mar-2026,,Active,0,0,0,10,10,10,10,10,10,10,10,10
WAPL-MC-E0444,USA,53,Confirmed,10,01-Jun-2025,31-Mar-2026,,Active,0,0,0,0,0,10,10,10,10,10,10,10
WAPL-MC-E0444,USA,86,Bench,0,15-Nov-2021,01-Jan-2200,,Active,0,0,0,0,0,0,0,0,0,0,0,0
WAPL-MC-E0444,USA,77,Bench,0,15-Nov-2021,01-Jan-2200,,Active,0,0,0,0,0,0,0,0,0,0,0,0
WAPL-MC-E0605,INDIA,73,Confirmed,50,16-Jul-2025,31-Oct-2025,,Active,0,0,0,0,0,0,50,50,50,50,0,0
WAPL-MC-E0605,INDIA,60,Confirmed,50,16-Jul-2025,31-Jul-2025,,Active,0,0,0,0,0,0,50,0,0,0,0,0
WAPL-MC-E0605,INDIA,86,Bench,0,01-Jun-2023,01-Jan-2200,,Active,0,0,0,0,0,0,0,0,0,0,0,0
WAPL-MC-E0605,INDIA,77,Bench,0,01-Jun-2023,01-Jan-2200,,Active,0,0,0,0,0,0,0,0,0,0,0,0
WAPL-MC-E0118,INDIA,28,Confirmed,100,01-Jun-2024,31-Mar-2026,,Active,100,100,100,100,100,100,100,100,100,100,100,100
WAPL-MC-E0118,INDIA,86,Bench,0,03-Jan-2016,01-Jan-2200,,Active,0,0,0,0,0,0,0,0,0,0,0,0
WAPL-MC-E0118,INDIA,77,Bench,0,03-Jan-2016,01-Jan-2200,,Active,0,0,0,0,0,0,0,0,0,0,0,0
WAPL-MC-E0607,USA,15,Confirmed,100,28-Oct-2024,31-Mar-2028,,Active,100,100,100,100,100,100,100,100,100,100,100,100
WAPL-MC-E0607,USA,86,Bench,0,12-Jun-2023,01-Jan-2200,,Active,0,0,0,0,0,0,0,0,0,0,0,0
WAPL-MC-E0607,USA,77,Bench,0,12-Jun-2023,01-Jan-2200,,Active,0,0,0,0,0,0,0,0,0,0,0,0
WAPL-MC-E0632,INDIA,22,Confirmed,100,30-May-2024,31-Mar-2026,,Active,100,100,100,100,100,100,100,100,100,100,100,100
WAPL-MC-E0632,INDIA,86,Bench,0,01-Mar-2024,01-Jan-2200,,Active,0,0,0,0,0,0,0,0,0,0,0,0
WAPL-MC-E0632,INDIA,77,Bench,0,01-Mar-2024,01-Jan-2200,,Active,0,0,0,0,0,0,0,0,0,0,0,0
WAPL-MC-E0598,INDIA,70,Confirmed,100,02-Jun-2024,30-Sep-2025,,Active,100,100,100,100,100,100,100,100,100,0,0,0
WAPL-MC-E0598,INDIA,86,Bench,0,08-May-2023,01-Jan-2200,,Active,0,0,0,0,0,0,0,0,0,0,0,0
WAPL-MC-E0598,INDIA,77,Bench,0,08-May-2023,01-Jan-2200,,Active,0,0,0,0,0,0,0,0,0,0,0,0
WAPL-MC-E0552,INDIA,16,Confirmed,100,05-Nov-2024,31-Mar-2026,,Active,100,100,100,100,100,100,100,100,100,100,100,100
WAPL-MC-E0552,INDIA,86,Bench,0,05-Dec-2022,01-Jan-2200,,Active,0,0,0,0,0,0,0,0,0,0,0,0
WAPL-MC-E0552,INDIA,77,Bench,0,05-Dec-2022,01-Jan-2200,,Active,0,0,0,0,0,0,0,0,0,0,0,0
WAPL-MC-E0620,USA,25,Confirmed,40,01-Apr-2025,31-Mar-2026,,Active,0,0,0,40,40,40,40,40,40,40,40,40
WAPL-MC-E0620,USA,86,Bench,0,20-Nov-2023,01-Jan-2200,,Active,0,0,0,0,0,0,0,0,0,0,0,0
WAPL-MC-E0620,USA,77,Bench,0,20-Nov-2023,01-Jan-2200,,Active,0,0,0,0,0,0,0,0,0,0,0,0
WAPL-MC-E0624,USA,48,Confirmed,100,02-Jun-2024,31-Mar-2025,,Active,100,100,100,0,0,0,0,0,0,0,0,0
WAPL-MC-E0624,USA,79,Confirmed,100,18-Jun-2025,31-Mar-2026,,Active,0,0,0,0,0,100,100,100,100,100,100,100
WAPL-MC-E0624,USA,86,Bench,0,11-Jan-2024,01-Jan-2200,,Active,0,0,0,0,0,0,0,0,0,0,0,0
WAPL-MC-E0624,USA,77,Bench,0,11-Jan-2024,01-Jan-2200,,Active,0,0,0,0,0,0,0,0,0,0,0,0
WAPL-MC-E0272,INDIA,86,Bench,0,28-Aug-2018,01-Jan-2200,,Active,0,0,0,0,0,0,0,0,0,0,0,0
WAPL-MC-E0272,INDIA,77,Bench,0,28-Aug-2018,01-Jan-2200,,Active,0,0,0,0,0,0,0,0,0,0,0,0
WAPL-MC-E0622,INDIA,78,Confirmed,100,01-Aug-2025,31-Dec-2025,,Active,0,0,0,0,0,0,0,100,100,100,100,100
WAPL-MC-E0622,INDIA,86,Bench,0,05-Dec-2023,01-Jan-2200,,Active,0,0,0,0,0,0,0,0,0,0,0,0
WAPL-MC-E0622,INDIA,77,Bench,0,05-Dec-2023,01-Jan-2200,,Active,0,0,0,0,0,0,0,0,0,0,0,0
WAPL-MC-E0428,USA,79,Confirmed,80,28-Oct-2024,31-Mar-2026,,Active,80,80,80,80,80,80,80,80,80,80,80,80
WAPL-MC-E0428,USA,86,Bench,0,19-Aug-2021,01-Jan-2200,,Active,0,0,0,0,0,0,0,0,0,0,0,0
WAPL-MC-E0428,USA,77,Bench,0,19-Aug-2021,01-Jan-2200,,Active,0,0,0,0,0,0,0,0,0,0,0,0
WAPL-MC-E0379,USA,59,Confirmed,25,11-Aug-2025,31-Dec-2025,,Active,0,0,0,0,0,0,0,25,25,25,25,25
WAPL-MC-E0379,USA,86,Bench,0,19-Nov-2020,01-Jan-2200,,Active,0,0,0,0,0,0,0,0,0,0,0,0
WAPL-MC-E0379,USA,77,Bench,0,19-Nov-2020,01-Jan-2200,,Active,0,0,0,0,0,0,0,0,0,0,0,0
WAPL-MC-E0491,INDIA,86,Bench,0,01-Apr-2022,01-Jan-2200,,Active,0,0,0,0,0,0,0,0,0,0,0,0
WAPL-MC-E0491,INDIA,77,Bench,0,01-Apr-2022,01-Jan-2200,,Active,0,0,0,0,0,0,0,0,0,0,0,0
WAPL-MC-E0580,INDIA,75,Confirmed,100,01-Jun-2025,31-Mar-2026,,Active,0,0,0,0,0,100,100,100,100,100,100,100
WAPL-MC-E0580,INDIA,9,Confirmed,50,01-Jan-2025,31-Jan-2025,,Active,50,0,0,0,0,0,0,0,0,0,0,0
WAPL-MC-E0580,INDIA,86,Bench,0,01-Mar-2023,01-Jan-2200,,Active,0,0,0,0,0,0,0,0,0,0,0,0
WAPL-MC-E0580,INDIA,77,Bench,0,01-Mar-2023,01-Jan-2200,,Active,0,0,0,0,0,0,0,0,0,0,0,0
WAPL-MC-E0635,INDIA,52,Confirmed,50,03-Mar-2025,30-Apr-2025,,Active,0,0,50,50,0,0,0,0,0,0,0,0
WAPL-MC-E0635,INDIA,60,Confirmed,40,28-Jul-2025,16-Sep-2025,,Active,0,0,0,0,0,0,40,40,40,0,0,0
WAPL-MC-E0635,INDIA,41,Confirmed,30,08-May-2025,19-Sep-2025,,Active,0,0,0,0,30,30,30,30,30,0,0,0
WAPL-MC-E0635,INDIA,83,Confirmed,25,18-Aug-2025,30-Oct-2025,,Active,0,0,0,0,0,0,0,25,25,25,0,0
WAPL-MC-E0635,INDIA,14,Confirmed,20,22-Oct-2024,31-Jan-2025,,Active,20,0,0,0,0,0,0,0,0,0,0,0
WAPL-MC-E0635,INDIA,107,Confirmed,20,22-Sep-2025,30-Nov-2025,,Active,0,0,0,0,0,0,0,0,20,20,20,0
WAPL-MC-E0635,INDIA,71,Confirmed,1,25-Apr-2025,31-Dec-2025,,Active,0,0,0,1,1,1,1,1,1,1,1,1
WAPL-MC-E0635,INDIA,86,Bench,0,11-Mar-2024,01-Jan-2200,,Active,0,0,0,0,0,0,0,0,0,0,0,0
WAPL-MC-E0635,INDIA,77,Bench,0,11-Mar-2024,01-Jan-2200,,Active,0,0,0,0,0,0,0,0,0,0,0,0
WAPL-MC-E0486,INDIA,8,Confirmed,40,16-Jul-2024,28-Feb-2026,,Active,40,40,40,40,40,40,40,40,40,40,40,40
WAPL-MC-E0486,INDIA,47,Confirmed,30,03-Apr-2025,30-Jun-2025,,Active,0,0,0,30,30,30,0,0,0,0,0,0
WAPL-MC-E0486,INDIA,61,Confirmed,20,06-May-2025,08-Oct-2025,,Active,0,0,0,0,20,20,20,20,20,20,0,0
WAPL-MC-E0486,INDIA,31,Confirmed,10,18-Nov-2024,31-Dec-2025,,Active,10,10,10,10,10,10,10,10,10,10,10,10
WAPL-MC-E0486,INDIA,86,Bench,0,19-Apr-2022,01-Jan-2200,,Active,0,0,0,0,0,0,0,0,0,0,0,0
WAPL-MC-E0486,INDIA,77,Bench,0,19-Apr-2022,01-Jan-2200,,Active,0,0,0,0,0,0,0,0,0,0,0,0
WAPL-MC-C0176,INDIA,86,Bench,0,01-Jul-2021,01-Jan-2200,,Active,0,0,0,0,0,0,0,0,0,0,0,0
WAPL-MC-C0176,INDIA,77,Bench,0,01-Jul-2021,01-Jan-2200,,Active,0,0,0,0,0,0,0,0,0,0,0,0
WAPL-MC-E0625,INDIA,88,Confirmed,100,29-May-2024,31-Mar-2026,,Active,100,100,100,100,100,100,100,100,100,100,100,100
WAPL-MC-E0625,INDIA,86,Bench,0,20-Jan-2024,01-Jan-2200,,Active,0,0,0,0,0,0,0,0,0,0,0,0
WAPL-MC-E0625,INDIA,77,Bench,0,20-Jan-2024,01-Jan-2200,,Active,0,0,0,0,0,0,0,0,0,0,0,0
WAPL-MC-E0542,INDIA,86,Bench,0,10-Oct-2022,01-Jan-2200,,Active,0,0,0,0,0,0,0,0,0,0,0,0
WAPL-MC-E0542,INDIA,77,Bench,0,10-Oct-2022,01-Jan-2200,,Active,0,0,0,0,0,0,0,0,0,0,0,0
WAPL-MC-E0271,USA,15,Confirmed,100,28-Oct-2024,15-Jun-2025,,Active,100,100,100,100,100,100,0,0,0,0,0,0
WAPL-MC-E0271,USA,86,Bench,0,14-Aug-2018,01-Jan-2200,,Active,0,0,0,0,0,0,0,0,0,0,0,0
WAPL-MC-E0271,USA,77,Bench,0,14-Aug-2018,01-Jan-2200,,Active,0,0,0,0,0,0,0,0,0,0,0,0
WAPL-MC-E0581,INDIA,75,Confirmed,100,01-Jun-2024,31-Mar-2026,,Active,100,100,100,100,100,100,100,100,100,100,100,100
WAPL-MC-E0581,INDIA,86,Bench,0,01-Mar-2023,01-Jan-2200,,Active,0,0,0,0,0,0,0,0,0,0,0,0
WAPL-MC-E0581,INDIA,77,Bench,0,01-Mar-2023,01-Jan-2200,,Active,0,0,0,0,0,0,0,0,0,0,0,0
WAPL-MC-E0209,INDIA,7,Confirmed,50,21-Apr-2025,31-Oct-2025,,Active,0,0,0,50,50,50,50,50,50,50,0,0
WAPL-MC-E0209,INDIA,73,Confirmed,40,01-Sep-2025,31-Oct-2025,,Active,0,0,0,0,0,0,0,0,40,40,0,0
WAPL-MC-E0209,INDIA,51,Confirmed,10,01-Sep-2025,31-Dec-2025,,Active,0,0,0,0,0,0,0,0,10,10,10,10
WAPL-MC-E0209,INDIA,86,Bench,0,01-Aug-2018,01-Jan-2200,,Active,0,0,0,0,0,0,0,0,0,0,0,0
WAPL-MC-E0209,INDIA,77,Bench,0,01-Aug-2018,01-Jan-2200,,Active,0,0,0,0,0,0,0,0,0,0,0,0
WAPL-MC-E0513,USA,79,Confirmed,100,28-Oct-2024,31-May-2025,,Active,100,100,100,100,100,0,0,0,0,0,0,0
WAPL-MC-E0513,USA,86,Bench,0,04-Jul-2022,01-Jan-2200,,Active,0,0,0,0,0,0,0,0,0,0,0,0
WAPL-MC-E0513,USA,77,Bench,0,04-Jul-2022,01-Jan-2200,,Active,0,0,0,0,0,0,0,0,0,0,0,0
WAPL-MC-E0490,USA,15,Confirmed,100,28-Oct-2024,31-Mar-2028,,Active,100,100,100,100,100,100,100,100,100,100,100,100
WAPL-MC-E0490,USA,86,Bench,0,25-Apr-2022,01-Jan-2200,,Active,0,0,0,0,0,0,0,0,0,0,0,0
WAPL-MC-E0490,USA,77,Bench,0,25-Apr-2022,01-Jan-2200,,Active,0,0,0,0,0,0,0,0,0,0,0,0
WAPL-MC-E0560,INDIA,75,Confirmed,100,01-Feb-2025,31-Mar-2026,,Active,0,100,100,100,100,100,100,100,100,100,100,100
WAPL-MC-E0560,INDIA,86,Bench,0,27-Dec-2022,01-Jan-2200,,Active,0,0,0,0,0,0,0,0,0,0,0,0
WAPL-MC-E0560,INDIA,77,Bench,0,27-Dec-2022,01-Jan-2200,,Active,0,0,0,0,0,0,0,0,0,0,0,0
WAPL-MC-E0527,INDIA,86,Bench,0,01-Sep-2022,01-Jan-2200,,Active,0,0,0,0,0,0,0,0,0,0,0,0
WAPL-MC-E0527,INDIA,77,Bench,0,01-Sep-2022,01-Jan-2200,,Active,0,0,0,0,0,0,0,0,0,0,0,0
WAPL-MC-E0481,USA,79,Confirmed,95,28-Oct-2024,31-Mar-2026,,Active,95,95,95,95,95,95,95,95,95,95,95,95
WAPL-MC-E0481,USA,25,Confirmed,5,28-Oct-2024,31-Mar-2026,,Active,5,5,5,5,5,5,5,5,5,5,5,5
WAPL-MC-E0481,USA,86,Bench,0,11-Apr-2022,01-Jan-2200,,Active,0,0,0,0,0,0,0,0,0,0,0,0
WAPL-MC-E0481,USA,77,Bench,0,11-Apr-2022,01-Jan-2200,,Active,0,0,0,0,0,0,0,0,0,0,0,0
WAPL-MC-E0432,INDIA,7,Confirmed,25,24-Sep-2024,31-Mar-2026,,Active,25,25,25,25,25,25,25,25,25,25,25,25
WAPL-MC-E0432,INDIA,45,Confirmed,25,17-Jul-2025,31-Mar-2026,,Active,0,0,0,0,0,0,25,25,25,25,25,25
WAPL-MC-E0432,INDIA,33,Confirmed,20,03-Mar-2025,31-Mar-2026,,Active,0,0,20,20,20,20,20,20,20,20,20,20
WAPL-MC-E0432,INDIA,83,Confirmed,20,01-Aug-2025,30-Oct-2025,,Active,0,0,0,0,0,0,0,20,20,20,0,0
WAPL-MC-E0432,INDIA,9,Confirmed,10,01-Jan-2025,31-Jan-2025,,Active,10,0,0,0,0,0,0,0,0,0,0,0
WAPL-MC-E0432,INDIA,57,Confirmed,10,15-Jan-2025,28-Feb-2025,,Active,10,10,0,0,0,0,0,0,0,0,0,0
WAPL-MC-E0432,INDIA,29,Confirmed,5,27-Nov-2024,31-Jan-2025,,Active,5,0,0,0,0,0,0,0,0,0,0,0
WAPL-MC-E0432,INDIA,34,Confirmed,5,15-Jan-2025,28-Feb-2025,,Active,5,5,0,0,0,0,0,0,0,0,0,0
WAPL-MC-E0432,INDIA,86,Bench,0,01-Oct-2021,01-Jan-2200,,Active,0,0,0,0,0,0,0,0,0,0,0,0
WAPL-MC-E0432,INDIA,77,Bench,0,01-Oct-2021,01-Jan-2200,,Active,0,0,0,0,0,0,0,0,0,0,0,0
WAPL-MC-E0555,INDIA,28,Confirmed,100,01-Jun-2024,31-Mar-2026,,Active,100,100,100,100,100,100,100,100,100,100,100,100
WAPL-MC-E0555,INDIA,86,Bench,0,14-Dec-2022,01-Jan-2200,,Active,0,0,0,0,0,0,0,0,0,0,0,0
WAPL-MC-E0555,INDIA,77,Bench,0,14-Dec-2022,01-Jan-2200,,Active,0,0,0,0,0,0,0,0,0,0,0,0
WAPL-MC-C0204,INDIA,86,Bench,0,03-Jan-2022,01-Jan-2200,,Active,0,0,0,0,0,0,0,0,0,0,0,0
WAPL-MC-C0204,INDIA,77,Bench,0,03-Jan-2022,01-Jan-2200,,Active,0,0,0,0,0,0,0,0,0,0,0,0
WAPL-MC-E0575,INDIA,86,Bench,0,18-Feb-2023,01-Jan-2200,,Active,0,0,0,0,0,0,0,0,0,0,0,0
WAPL-MC-E0575,INDIA,77,Bench,0,18-Feb-2023,01-Jan-2200,,Active,0,0,0,0,0,0,0,0,0,0,0,0
WAPL-MC-E0577,INDIA,75,Confirmed,100,01-Jun-2024,31-Mar-2026,,Active,100,100,100,100,100,100,100,100,100,100,100,100
WAPL-MC-E0577,INDIA,86,Bench,0,24-Feb-2023,01-Jan-2200,,Active,0,0,0,0,0,0,0,0,0,0,0,0
WAPL-MC-E0577,INDIA,77,Bench,0,24-Feb-2023,01-Jan-2200,,Active,0,0,0,0,0,0,0,0,0,0,0,0
WAPL-MC-C0177,INDIA,48,Confirmed,50,03-Feb-2025,31-Mar-2026,,Active,0,50,50,50,50,50,50,50,50,50,50,50
WAPL-MC-C0177,INDIA,109,Confirmed,50,01-Jun-2024,31-Dec-2025,,Active,50,50,50,50,50,50,50,50,50,50,50,50
WAPL-MC-C0177,INDIA,86,Bench,0,19-Jul-2021,01-Jan-2200,,Active,0,0,0,0,0,0,0,0,0,0,0,0
WAPL-MC-C0177,INDIA,77,Bench,0,19-Jul-2021,01-Jan-2200,,Active,0,0,0,0,0,0,0,0,0,0,0,0
WAPL-MC-E0630,INDIA,71,Confirmed,100,25-Apr-2025,31-Dec-2025,,Active,0,0,0,100,100,100,100,100,100,100,100,100
WAPL-MC-E0630,INDIA,86,Bench,0,04-Mar-2024,01-Jan-2200,,Active,0,0,0,0,0,0,0,0,0,0,0,0
WAPL-MC-E0630,INDIA,77,Bench,0,04-Mar-2024,01-Jan-2200,,Active,0,0,0,0,0,0,0,0,0,0,0,0
WAPL-MC-E0573,INDIA,86,Bench,0,13-Feb-2023,01-Jan-2200,,Active,0,0,0,0,0,0,0,0,0,0,0,0
WAPL-MC-E0573,INDIA,77,Bench,0,13-Feb-2023,01-Jan-2200,,Active,0,0,0,0,0,0,0,0,0,0,0,0
WAPL-MC-E0312,USA,21,Confirmed,20,01-Aug-2025,30-Sep-2026,,Active,0,0,0,0,0,0,0,20,20,20,20,20
WAPL-MC-E0312,USA,86,Bench,0,01-Apr-2019,01-Jan-2200,,Active,0,0,0,0,0,0,0,0,0,0,0,0
WAPL-MC-E0312,USA,77,Bench,0,01-Apr-2019,01-Jan-2200,,Active,0,0,0,0,0,0,0,0,0,0,0,0
WAPL-MC-E0543,USA,79,Confirmed,10,28-Oct-2024,31-Mar-2026,,Active,10,10,10,10,10,10,10,10,10,10,10,10
WAPL-MC-E0543,USA,20,Confirmed,5,17-Jun-2025,30-Sep-2025,,Active,0,0,0,0,0,5,5,5,5,0,0,0
WAPL-MC-E0543,USA,86,Bench,0,10-Oct-2022,01-Jan-2200,,Active,0,0,0,0,0,0,0,0,0,0,0,0
WAPL-MC-E0543,USA,77,Bench,0,10-Oct-2022,01-Jan-2200,,Active,0,0,0,0,0,0,0,0,0,0,0,0
WAPL-MC-E0610,USA,86,Bench,0,22-Jun-2023,01-Jan-2200,,Active,0,0,0,0,0,0,0,0,0,0,0,0
WAPL-MC-E0610,USA,77,Bench,0,22-Jun-2023,01-Jan-2200,,Active,0,0,0,0,0,0,0,0,0,0,0,0
WAPL-MC-E0511,INDIA,16,Confirmed,100,25-Dec-2024,31-Mar-2026,,Active,100,100,100,100,100,100,100,100,100,100,100,100
WAPL-MC-E0511,INDIA,86,Bench,0,04-Jul-2022,01-Jan-2200,,Active,0,0,0,0,0,0,0,0,0,0,0,0
WAPL-MC-E0511,INDIA,77,Bench,0,04-Jul-2022,01-Jan-2200,,Active,0,0,0,0,0,0,0,0,0,0,0,0
WAPL-MC-E0566,INDIA,31,Confirmed,100,08-Nov-2024,31-Dec-2025,,Active,100,100,100,100,100,100,100,100,100,100,100,100
WAPL-MC-E0566,INDIA,86,Bench,0,24-Jan-2023,01-Jan-2200,,Active,0,0,0,0,0,0,0,0,0,0,0,0
WAPL-MC-E0566,INDIA,77,Bench,0,24-Jan-2023,01-Jan-2200,,Active,0,0,0,0,0,0,0,0,0,0,0,0
WAPL-MC-E0583,INDIA,7,Confirmed,50,18-Oct-2024,31-Mar-2026,,Active,50,50,50,50,50,50,50,50,50,50,50,50
WAPL-MC-E0583,INDIA,45,Confirmed,50,11-Mar-2025,31-Mar-2026,,Active,0,0,50,50,50,50,50,50,50,50,50,50
WAPL-MC-E0583,INDIA,86,Bench,0,01-Mar-2023,01-Jan-2200,,Active,0,0,0,0,0,0,0,0,0,0,0,0
WAPL-MC-E0583,INDIA,77,Bench,0,01-Mar-2023,01-Jan-2200,,Active,0,0,0,0,0,0,0,0,0,0,0,0
WAPL-MC-E0492,USA,79,Confirmed,5,28-Oct-2024,31-Mar-2026,,Active,5,5,5,5,5,5,5,5,5,5,5,5
WAPL-MC-E0492,USA,86,Bench,0,29-Apr-2022,01-Jan-2200,,Active,0,0,0,0,0,0,0,0,0,0,0,0
WAPL-MC-E0492,USA,77,Bench,0,29-Apr-2022,01-Jan-2200,,Active,0,0,0,0,0,0,0,0,0,0,0,0
WAPL-MC-A0060,INDIA,9,Confirmed,100,01-Jan-2025,31-Jan-2025,,Active,100,0,0,0,0,0,0,0,0,0,0,0
WAPL-MC-A0060,INDIA,86,Bench,0,16-Aug-2023,01-Jan-2200,,Active,0,0,0,0,0,0,0,0,0,0,0,0
WAPL-MC-A0060,INDIA,77,Bench,0,16-Aug-2023,01-Jan-2200,,Active,0,0,0,0,0,0,0,0,0,0,0,0
WAPL-MC-E0515,INDIA,87,Confirmed,100,02-Jun-2024,31-Mar-2025,,Active,100,100,100,0,0,0,0,0,0,0,0,0
WAPL-MC-E0515,INDIA,86,Bench,0,04-Jul-2022,01-Jan-2200,,Active,0,0,0,0,0,0,0,0,0,0,0,0
WAPL-MC-E0515,INDIA,77,Bench,0,04-Jul-2022,01-Jan-2200,,Active,0,0,0,0,0,0,0,0,0,0,0,0
WAPL-MC-E0621,USA,11,Confirmed,100,28-Oct-2024,28-Feb-2026,,Active,100,100,100,100,100,100,100,100,100,100,100,100
WAPL-MC-E0621,USA,86,Bench,0,20-Nov-2023,01-Jan-2200,,Active,0,0,0,0,0,0,0,0,0,0,0,0
WAPL-MC-E0621,USA,77,Bench,0,20-Nov-2023,01-Jan-2200,,Active,0,0,0,0,0,0,0,0,0,0,0,0
WAPL-MC-E0365,INDIA,8,Confirmed,25,28-Oct-2024,28-Feb-2026,,Active,25,25,25,25,25,25,25,25,25,25,25,25
WAPL-MC-E0365,INDIA,90,Confirmed,25,06-Aug-2025,30-Sep-2025,,Active,0,0,0,0,0,0,0,25,25,0,0,0
WAPL-MC-E0365,INDIA,80,Confirmed,15,04-Jun-2025,30-Nov-2025,,Active,0,0,0,0,0,15,15,15,15,15,15,0
WAPL-MC-E0365,INDIA,4,Confirmed,10,29-Oct-2024,15-Jul-2025,,Active,10,10,10,10,10,10,10,0,0,0,0,0
WAPL-MC-E0365,INDIA,58,Confirmed,10,01-Aug-2025,30-Sep-2025,,Active,0,0,0,0,0,0,0,10,10,0,0,0
WAPL-MC-E0365,INDIA,81,Confirmed,10,26-May-2025,30-Nov-2025,,Active,0,0,0,0,10,10,10,10,10,10,10,0
WAPL-MC-E0365,INDIA,100,Confirmed,5,17-Sep-2024,31-Mar-2026,,Active,5,5,5,5,5,5,5,5,5,5,5,5
WAPL-MC-E0365,INDIA,22,Confirmed,5,17-Sep-2024,31-Mar-2026,,Active,5,5,5,5,5,5,5,5,5,5,5,5
WAPL-MC-E0365,INDIA,65,Confirmed,5,17-Sep-2024,31-Dec-2025,,Active,5,5,5,5,5,5,5,5,5,5,5,5
WAPL-MC-E0365,INDIA,86,Bench,0,13-Mar-2020,01-Jan-2200,,Active,0,0,0,0,0,0,0,0,0,0,0,0
WAPL-MC-E0365,INDIA,77,Bench,0,13-Mar-2020,01-Jan-2200,,Active,0,0,0,0,0,0,0,0,0,0,0,0
WAPL-MC-E0582,INDIA,8,Confirmed,100,29-May-2024,28-Feb-2026,,Active,100,100,100,100,100,100,100,100,100,100,100,100
WAPL-MC-E0582,INDIA,86,Bench,0,15-Mar-2023,01-Jan-2200,,Active,0,0,0,0,0,0,0,0,0,0,0,0
WAPL-MC-E0582,INDIA,77,Bench,0,15-Mar-2023,01-Jan-2200,,Active,0,0,0,0,0,0,0,0,0,0,0,0
WAPL-MC-C0098,INDIA,30,Confirmed,100,13-Sep-2024,31-Mar-2026,,Active,100,100,100,100,100,100,100,100,100,100,100,100
WAPL-MC-C0098,INDIA,86,Bench,0,18-Jun-2018,01-Jan-2200,,Active,0,0,0,0,0,0,0,0,0,0,0,0
WAPL-MC-C0098,INDIA,77,Bench,0,18-Jun-2018,01-Jan-2200,,Active,0,0,0,0,0,0,0,0,0,0,0,0
WAPL-MC-C0227,INDIA,56,Confirmed,100,21-Feb-2025,31-Mar-2026,,Active,0,100,100,100,100,100,100,100,100,100,100,100
WAPL-MC-C0227,INDIA,86,Bench,0,16-Sep-2022,01-Jan-2200,,Active,0,0,0,0,0,0,0,0,0,0,0,0
WAPL-MC-C0227,INDIA,77,Bench,0,16-Sep-2022,01-Jan-2200,,Active,0,0,0,0,0,0,0,0,0,0,0,0
WAPL-MC-E0524,INDIA,101,Confirmed,100,24-Aug-2025,17-Dec-2025,,Active,0,0,0,0,0,0,0,100,100,100,100,100
WAPL-MC-E0524,INDIA,86,Bench,0,16-Aug-2022,01-Jan-2200,,Active,0,0,0,0,0,0,0,0,0,0,0,0
WAPL-MC-E0524,INDIA,77,Bench,0,16-Aug-2022,01-Jan-2200,,Active,0,0,0,0,0,0,0,0,0,0,0,0
WAPL-MC-E0172,INDIA,16,Confirmed,50,20-Jan-2025,31-Mar-2026,,Active,50,50,50,50,50,50,50,50,50,50,50,50
WAPL-MC-E0172,INDIA,80,Confirmed,20,04-Jun-2025,30-Nov-2025,,Active,0,0,0,0,0,20,20,20,20,20,20,0
WAPL-MC-E0172,INDIA,61,Confirmed,15,01-Jun-2025,10-Oct-2025,,Active,0,0,0,0,0,15,15,15,15,15,0,0
WAPL-MC-E0172,INDIA,75,Confirmed,5,01-Oct-2024,31-Mar-2026,,Active,5,5,5,5,5,5,5,5,5,5,5,5
WAPL-MC-E0172,INDIA,38,Confirmed,5,01-Oct-2024,31-Mar-2026,,Active,5,5,5,5,5,5,5,5,5,5,5,5
WAPL-MC-E0172,INDIA,9,Confirmed,5,01-Jan-2025,31-Jan-2025,,Active,5,0,0,0,0,0,0,0,0,0,0,0
WAPL-MC-E0172,INDIA,57,Confirmed,5,15-Jan-2025,28-Feb-2025,,Active,5,5,0,0,0,0,0,0,0,0,0,0
WAPL-MC-E0172,INDIA,101,Confirmed,5,24-Aug-2025,17-Dec-2025,,Active,0,0,0,0,0,0,0,5,5,5,5,5
WAPL-MC-E0172,INDIA,86,Bench,0,17-Apr-2017,01-Jan-2200,,Active,0,0,0,0,0,0,0,0,0,0,0,0
WAPL-MC-E0172,INDIA,77,Bench,0,17-Apr-2017,01-Jan-2200,,Active,0,0,0,0,0,0,0,0,0,0,0,0
WAPL-MC-E0661,USA,22,Confirmed,100,06-Jan-2025,31-Mar-2025,,Active,100,100,100,0,0,0,0,0,0,0,0,0
WAPL-MC-E0661,USA,80,Confirmed,100,01-Aug-2025,30-Nov-2025,,Active,0,0,0,0,0,0,0,100,100,100,100,0
WAPL-MC-E0661,USA,86,Bench,0,06-Jan-2025,01-Jan-2200,,Active,0,0,0,0,0,0,0,0,0,0,0,0
WAPL-MC-E0661,USA,77,Bench,0,06-Jan-2025,01-Jan-2200,,Active,0,0,0,0,0,0,0,0,0,0,0,0
WAPL-MC-E0672,INDIA,60,Confirmed,100,16-Jul-2025,16-Sep-2025,,Active,0,0,0,0,0,0,100,100,100,0,0,0
WAPL-MC-E0672,INDIA,86,Bench,0,15-Jul-2025,01-Jan-2200,,Active,0,0,0,0,0,0,0,0,0,0,0,0
WAPL-MC-E0672,INDIA,77,Bench,0,15-Jul-2025,01-Jan-2200,,Active,0,0,0,0,0,0,0,0,0,0,0,0
WAPL-MC-E0315,USA,15,Confirmed,30,28-Oct-2024,31-Mar-2028,,Active,30,30,30,30,30,30,30,30,30,30,30,30
WAPL-MC-E0315,USA,59,Confirmed,20,01-Feb-2025,31-Mar-2026,,Active,0,20,20,20,20,20,20,20,20,20,20,20
WAPL-MC-E0315,USA,21,Confirmed,10,28-Oct-2024,30-Sep-2026,,Active,10,10,10,10,10,10,10,10,10,10,10,10
WAPL-MC-E0315,USA,20,Confirmed,10,28-Oct-2024,30-Apr-2027,,Active,10,10,10,10,10,10,10,10,10,10,10,10
WAPL-MC-E0315,USA,11,Confirmed,1,28-Oct-2024,28-Feb-2026,,Active,1,1,1,1,1,1,1,1,1,1,1,1
WAPL-MC-E0315,USA,26,Confirmed,1,28-Oct-2024,31-Mar-2025,,Active,1,1,1,0,0,0,0,0,0,0,0,0
WAPL-MC-E0315,USA,53,Confirmed,1,28-Oct-2024,31-Mar-2026,,Active,1,1,1,1,1,1,1,1,1,1,1,1
WAPL-MC-E0315,USA,98,Confirmed,1,28-Oct-2024,31-Mar-2025,,Active,1,1,1,0,0,0,0,0,0,0,0,0
WAPL-MC-E0315,USA,92,Confirmed,1,28-Oct-2024,31-Jul-2026,,Active,1,1,1,1,1,1,1,1,1,1,1,1
WAPL-MC-E0315,USA,68,Confirmed,1,16-Dec-2024,31-Dec-2025,,Active,1,1,1,1,1,1,1,1,1,1,1,1
WAPL-MC-E0315,USA,86,Bench,0,15-Apr-2019,01-Jan-2200,,Active,0,0,0,0,0,0,0,0,0,0,0,0
WAPL-MC-E0315,USA,77,Bench,0,15-Apr-2019,01-Jan-2200,,Active,0,0,0,0,0,0,0,0,0,0,0,0
WAPL-MC-E0650,INDIA,83,Confirmed,25,09-Jul-2025,01-Sep-2025,,Active,0,0,0,0,0,0,25,25,25,0,0,0
WAPL-MC-E0650,INDIA,27,Confirmed,20,15-Jan-2025,12-Feb-2025,,Active,20,20,0,0,0,0,0,0,0,0,0,0
WAPL-MC-E0650,INDIA,46,Confirmed,20,01-Feb-2025,31-May-2025,,Active,0,20,20,20,20,0,0,0,0,0,0,0
WAPL-MC-E0650,INDIA,86,Bench,0,26-Aug-2024,01-Jan-2200,,Active,0,0,0,0,0,0,0,0,0,0,0,0
WAPL-MC-E0650,INDIA,77,Bench,0,26-Aug-2024,01-Jan-2200,,Active,0,0,0,0,0,0,0,0,0,0,0,0
WAPL-MC-E0659,INDIA,76,Confirmed,100,17-Jul-2025,17-Jul-2025,,Active,0,0,0,0,0,0,100,0,0,0,0,0
WAPL-MC-E0659,INDIA,27,Confirmed,50,15-Jan-2025,12-Feb-2025,,Active,50,50,0,0,0,0,0,0,0,0,0,0
WAPL-MC-E0659,INDIA,86,Bench,0,02-Jan-2025,01-Jan-2200,,Active,0,0,0,0,0,0,0,0,0,0,0,0
WAPL-MC-E0659,INDIA,77,Bench,0,02-Jan-2025,01-Jan-2200,,Active,0,0,0,0,0,0,0,0,0,0,0,0
 WAPL-MC-E0677,INDIA,86,Bench,0,01-Sep-2025,01-Jan-2200,,Active,0,0,0,0,0,0,0,0,0,0,0,0
 WAPL-MC-E0677,INDIA,77,Bench,0,01-Sep-2025,01-Jan-2200,,Active,0,0,0,0,0,0,0,0,0,0,0,0
WAPL-MC-E0687,USA,15,Confirmed,100,23-Apr-2025,31-Mar-2028,,Active,0,0,0,100,100,100,100,100,100,100,100,100
WAPL-MC-E0687,USA,86,Bench,0,10-Apr-2025,01-Jan-2200,,Active,0,0,0,0,0,0,0,0,0,0,0,0
WAPL-MC-E0687,USA,77,Bench,0,10-Apr-2025,01-Jan-2200,,Active,0,0,0,0,0,0,0,0,0,0,0,0
WAPL-MC-E0675,INDIA,86,Bench,0,18-Aug-2025,01-Jan-2200,,Active,0,0,0,0,0,0,0,0,0,0,0,0
WAPL-MC-E0675,INDIA,77,Bench,0,18-Aug-2025,01-Jan-2200,,Active,0,0,0,0,0,0,0,0,0,0,0,0
WAPL-MC-E0643,INDIA,99,Confirmed,100,05-Jul-2024,31-Mar-2026,,Active,100,100,100,100,100,100,100,100,100,100,100,100
WAPL-MC-E0643,INDIA,86,Bench,0,18-Apr-2024,01-Jan-2200,,Active,0,0,0,0,0,0,0,0,0,0,0,0
WAPL-MC-E0643,INDIA,77,Bench,0,18-Apr-2024,01-Jan-2200,,Active,0,0,0,0,0,0,0,0,0,0,0,0
WAPL-MC-E0678,INDIA,86,Bench,0,01-Sep-2025,01-Jan-2200,,Active,0,0,0,0,0,0,0,0,0,0,0,0
WAPL-MC-E0678,INDIA,77,Bench,0,01-Sep-2025,01-Jan-2200,,Active,0,0,0,0,0,0,0,0,0,0,0,0
WAPL-MC-E0637,INDIA,7,Confirmed,50,09-Jan-2025,31-Mar-2026,,Active,50,50,50,50,50,50,50,50,50,50,50,50
WAPL-MC-E0637,INDIA,78,Confirmed,50,01-Jun-2025,31-Dec-2025,,Active,0,0,0,0,0,50,50,50,50,50,50,50
WAPL-MC-E0637,INDIA,86,Bench,0,06-May-2024,01-Jan-2200,,Active,0,0,0,0,0,0,0,0,0,0,0,0
WAPL-MC-E0637,INDIA,77,Bench,0,06-May-2024,01-Jan-2200,,Active,0,0,0,0,0,0,0,0,0,0,0,0
WAPL-MC-E0642,INDIA,28,Confirmed,5,01-Nov-2024,31-Mar-2026,,Active,5,5,5,5,5,5,5,5,5,5,5,5
WAPL-MC-E0642,INDIA,100,Confirmed,5,25-Nov-2024,31-Mar-2026,,Active,5,5,5,5,5,5,5,5,5,5,5,5
WAPL-MC-E0642,INDIA,22,Confirmed,5,25-Nov-2024,31-Mar-2026,,Active,5,5,5,5,5,5,5,5,5,5,5,5
WAPL-MC-E0642,INDIA,85,Confirmed,2,10-Oct-2024,31-Mar-2026,,Active,2,2,2,2,2,2,2,2,2,2,2,2
WAPL-MC-E0642,INDIA,86,Bench,0,15-Apr-2024,01-Jan-2200,,Active,0,0,0,0,0,0,0,0,0,0,0,0
WAPL-MC-E0642,INDIA,77,Bench,0,15-Apr-2024,01-Jan-2200,,Active,0,0,0,0,0,0,0,0,0,0,0,0
WAPL-MC-A0061,INDIA,9,Confirmed,100,01-Jan-2025,31-Jan-2025,,Active,100,0,0,0,0,0,0,0,0,0,0,0
WAPL-MC-A0061,INDIA,64,Confirmed,50,09-Sep-2025,15-Oct-2025,,Active,0,0,0,0,0,0,0,0,50,50,0,0
WAPL-MC-A0061,INDIA,61,Confirmed,20,09-Sep-2025,08-Oct-2025,,Active,0,0,0,0,0,0,0,0,20,20,0,0
WAPL-MC-A0061,INDIA,86,Bench,0,18-Nov-2024,01-Jan-2200,,Active,0,0,0,0,0,0,0,0,0,0,0,0
WAPL-MC-A0061,INDIA,77,Bench,0,18-Nov-2024,01-Jan-2200,,Active,0,0,0,0,0,0,0,0,0,0,0,0
WAPL-MC-E0674,INDIA,60,Confirmed,100,16-Jul-2025,16-Sep-2025,,Active,0,0,0,0,0,0,100,100,100,0,0,0
WAPL-MC-E0674,INDIA,86,Bench,0,15-Jul-2025,01-Jan-2200,,Active,0,0,0,0,0,0,0,0,0,0,0,0
WAPL-MC-E0674,INDIA,77,Bench,0,15-Jul-2025,01-Jan-2200,,Active,0,0,0,0,0,0,0,0,0,0,0,0
WAPL-MC-E0644,INDIA,86,Bench,0,22-Apr-2024,01-Jan-2200,,Active,0,0,0,0,0,0,0,0,0,0,0,0
WAPL-MC-E0644,INDIA,77,Bench,0,22-Apr-2024,01-Jan-2200,,Active,0,0,0,0,0,0,0,0,0,0,0,0
WAPL-MC-E0657,INDIA,28,Confirmed,95,09-Dec-2024,31-Mar-2026,,Active,95,95,95,95,95,95,95,95,95,95,95,95
WAPL-MC-E0657,INDIA,66,Confirmed,5,01-May-2025,31-Mar-2026,,Active,0,0,0,0,5,5,5,5,5,5,5,5
WAPL-MC-E0657,INDIA,86,Bench,0,02-Dec-2024,01-Jan-2200,,Active,0,0,0,0,0,0,0,0,0,0,0,0
WAPL-MC-E0657,INDIA,77,Bench,0,02-Dec-2024,01-Jan-2200,,Active,0,0,0,0,0,0,0,0,0,0,0,0
WAPL-MC-C0271,INDIA,48,Confirmed,100,02-Jun-2025,31-Mar-2026,,Active,0,0,0,0,0,100,100,100,100,100,100,100
WAPL-MC-C0271,INDIA,86,Bench,0,02-Jun-2025,01-Jan-2200,,Active,0,0,0,0,0,0,0,0,0,0,0,0
WAPL-MC-C0271,INDIA,77,Bench,0,02-Jun-2025,01-Jan-2200,,Active,0,0,0,0,0,0,0,0,0,0,0,0
WAPL-MC-E0690,INDIA,83,Confirmed,100,09-Jul-2025,30-Oct-2025,,Active,0,0,0,0,0,0,100,100,100,100,0,0
WAPL-MC-E0690,INDIA,86,Bench,0,02-Jun-2025,01-Jan-2200,,Active,0,0,0,0,0,0,0,0,0,0,0,0
WAPL-MC-E0690,INDIA,77,Bench,0,02-Jun-2025,01-Jan-2200,,Active,0,0,0,0,0,0,0,0,0,0,0,0
WAPL-MC-E0689,INDIA,64,Confirmed,100,09-Sep-2025,31-Dec-2025,,Active,0,0,0,0,0,0,0,0,100,100,100,100
WAPL-MC-E0689,INDIA,61,Confirmed,100,21-May-2025,08-Sep-2025,,Active,0,0,0,0,100,100,100,100,100,0,0,0
WAPL-MC-E0689,INDIA,86,Bench,0,21-May-2025,01-Jan-2200,,Active,0,0,0,0,0,0,0,0,0,0,0,0
WAPL-MC-E0689,INDIA,77,Bench,0,21-May-2025,01-Jan-2200,,Active,0,0,0,0,0,0,0,0,0,0,0,0
WAPL-MC-E0667,USA,79,Confirmed,100,24-Apr-2025,31-Mar-2026,,Active,0,0,0,100,100,100,100,100,100,100,100,100
WAPL-MC-E0667,USA,86,Bench,0,03-Mar-2025,01-Jan-2200,,Active,0,0,0,0,0,0,0,0,0,0,0,0
WAPL-MC-E0667,USA,77,Bench,0,03-Mar-2025,01-Jan-2200,,Active,0,0,0,0,0,0,0,0,0,0,0,0
WAPL-MC-E0638,INDIA,34,Confirmed,100,15-Jan-2025,28-Feb-2025,,Active,100,100,0,0,0,0,0,0,0,0,0,0
WAPL-MC-E0638,INDIA,83,Confirmed,100,09-Jul-2025,30-Oct-2025,,Active,0,0,0,0,0,0,100,100,100,100,0,0
WAPL-MC-E0638,INDIA,86,Bench,0,06-May-2024,01-Jan-2200,,Active,0,0,0,0,0,0,0,0,0,0,0,0
WAPL-MC-E0638,INDIA,77,Bench,0,06-May-2024,01-Jan-2200,,Active,0,0,0,0,0,0,0,0,0,0,0,0
WAPL-MC-E0668,INDIA,16,Confirmed,100,03-Mar-2025,31-Mar-2026,,Active,0,0,100,100,100,100,100,100,100,100,100,100
WAPL-MC-E0668,INDIA,86,Bench,0,03-Mar-2025,01-Jan-2200,,Active,0,0,0,0,0,0,0,0,0,0,0,0
WAPL-MC-E0668,INDIA,77,Bench,0,03-Mar-2025,01-Jan-2200,,Active,0,0,0,0,0,0,0,0,0,0,0,0
WAPL-MC-E0679,INDIA,86,Bench,0,01-Sep-2025,01-Jan-2200,,Active,0,0,0,0,0,0,0,0,0,0,0,0
WAPL-MC-E0679,INDIA,77,Bench,0,01-Sep-2025,01-Jan-2200,,Active,0,0,0,0,0,0,0,0,0,0,0,0
WAPL-MC-E0640,INDIA,7,Confirmed,100,09-Oct-2024,31-Mar-2026,,Active,100,100,100,100,100,100,100,100,100,100,100,100
WAPL-MC-E0640,INDIA,86,Bench,0,06-May-2024,01-Jan-2200,,Active,0,0,0,0,0,0,0,0,0,0,0,0
WAPL-MC-E0640,INDIA,77,Bench,0,06-May-2024,01-Jan-2200,,Active,0,0,0,0,0,0,0,0,0,0,0,0
WAPL-MC-E0671,USA,15,Confirmed,100,01-Apr-2025,31-Mar-2028,,Active,0,0,0,100,100,100,100,100,100,100,100,100
WAPL-MC-E0671,USA,86,Bench,0,01-Apr-2025,01-Jan-2200,,Active,0,0,0,0,0,0,0,0,0,0,0,0
WAPL-MC-E0671,USA,77,Bench,0,01-Apr-2025,01-Jan-2200,,Active,0,0,0,0,0,0,0,0,0,0,0,0
WAPL-MC-E0655,INDIA,52,Confirmed,50,16-Mar-2025,15-May-2025,,Active,0,0,50,50,50,0,0,0,0,0,0,0
WAPL-MC-E0655,INDIA,82,Confirmed,50,09-Jun-2025,09-Jun-2026,,Active,0,0,0,0,0,50,50,50,50,50,50,50
WAPL-MC-E0655,INDIA,86,Bench,0,25-Nov-2024,01-Jan-2200,,Active,0,0,0,0,0,0,0,0,0,0,0,0
WAPL-MC-E0655,INDIA,77,Bench,0,25-Nov-2024,01-Jan-2200,,Active,0,0,0,0,0,0,0,0,0,0,0,0
WAPL-MC-E0627,USA,79,Confirmed,70,28-Oct-2024,31-Mar-2026,,Active,70,70,70,70,70,70,70,70,70,70,70,70
WAPL-MC-E0627,USA,25,Confirmed,30,01-Apr-2025,31-Mar-2026,,Active,0,0,0,30,30,30,30,30,30,30,30,30
WAPL-MC-E0627,USA,86,Bench,0,06-Feb-2024,01-Jan-2200,,Active,0,0,0,0,0,0,0,0,0,0,0,0
WAPL-MC-E0627,USA,77,Bench,0,06-Feb-2024,01-Jan-2200,,Active,0,0,0,0,0,0,0,0,0,0,0,0
WAPL-MC-E0665,USA,15,Confirmed,100,25-Apr-2025,31-Mar-2028,,Active,0,0,0,100,100,100,100,100,100,100,100,100
WAPL-MC-E0665,USA,86,Bench,0,10-Feb-2025,01-Jan-2200,,Active,0,0,0,0,0,0,0,0,0,0,0,0
WAPL-MC-E0665,USA,77,Bench,0,10-Feb-2025,01-Jan-2200,,Active,0,0,0,0,0,0,0,0,0,0,0,0
1,INDIA,33,Functional,25,20-May-2025,30-Jun-2025,,Active,0,0,0,0,25,25,0,0,0,0,0,0
1,INDIA,8,Confirmed,25,25-Mar-2025,28-Feb-2026,,Active,0,0,25,25,25,25,25,25,25,25,25,25
1,INDIA,35,Confirmed,25,25-Mar-2025,31-Mar-2026,,Active,0,0,25,25,25,25,25,25,25,25,25,25
1,INDIA,84,Confirmed,25,01-Apr-2025,31-May-2025,,Active,0,0,0,25,25,0,0,0,0,0,0,0
1,INDIA,82,Confirmed,25,09-Jun-2025,09-Jun-2026,,Active,0,0,0,0,0,25,25,25,25,25,25,25
1,INDIA,46,Confirmed,20,01-Aug-2025,15-Sep-2025,,Active,0,0,0,0,0,0,0,20,20,0,0,0
1,INDIA,86,Bench,0,06-Jan-2025,01-Jan-2200,,Active,0,0,0,0,0,0,0,0,0,0,0,0
1,INDIA,77,Bench,0,06-Jan-2025,01-Jan-2200,,Active,0,0,0,0,0,0,0,0,0,0,0,0
WAPL-MC-E0647,INDIA,61,Confirmed,100,30-Jul-2025,08-Sep-2025,,Active,0,0,0,0,0,0,100,100,100,0,0,0
WAPL-MC-E0647,INDIA,86,Bench,0,07-Jul-2024,01-Jan-2200,,Active,0,0,0,0,0,0,0,0,0,0,0,0
WAPL-MC-E0647,INDIA,77,Bench,0,07-Jul-2024,01-Jan-2200,,Active,0,0,0,0,0,0,0,0,0,0,0,0
WAPL-MC-E0669,USA,59,Confirmed,70,24-Apr-2025,31-Dec-2025,,Active,0,0,0,70,70,70,70,70,70,70,70,70
WAPL-MC-E0669,USA,11,Confirmed,10,01-Apr-2025,28-Feb-2026,,Active,0,0,0,10,10,10,10,10,10,10,10,10
WAPL-MC-E0669,USA,15,Confirmed,10,26-Jun-2025,31-Mar-2028,,Active,0,0,0,0,0,10,10,10,10,10,10,10
WAPL-MC-E0669,USA,86,Bench,0,10-Mar-2025,01-Jan-2200,,Active,0,0,0,0,0,0,0,0,0,0,0,0
WAPL-MC-E0669,USA,77,Bench,0,10-Mar-2025,01-Jan-2200,,Active,0,0,0,0,0,0,0,0,0,0,0,0
WAPL-MC-E0656,INDIA,86,Bench,0,09-Dec-2024,01-Jan-2200,,Active,0,0,0,0,0,0,0,0,0,0,0,0
WAPL-MC-E0656,INDIA,77,Bench,0,09-Dec-2024,01-Jan-2200,,Active,0,0,0,0,0,0,0,0,0,0,0,0
WAPL-MC-E0664,INDIA,16,Confirmed,100,03-Feb-2025,31-Mar-2026,,Active,0,100,100,100,100,100,100,100,100,100,100,100
WAPL-MC-E0664,INDIA,86,Bench,0,03-Feb-2025,01-Jan-2200,,Active,0,0,0,0,0,0,0,0,0,0,0,0
WAPL-MC-E0664,INDIA,77,Bench,0,03-Feb-2025,01-Jan-2200,,Active,0,0,0,0,0,0,0,0,0,0,0,0
WAPL-MC-E0651,INDIA,82,Confirmed,50,09-Jun-2025,09-Jun-2026,,Active,0,0,0,0,0,50,50,50,50,50,50,50
WAPL-MC-E0651,INDIA,84,Confirmed,25,12-Dec-2024,31-Mar-2025,,Active,25,25,25,0,0,0,0,0,0,0,0,0
WAPL-MC-E0651,INDIA,86,Bench,0,02-Sep-2024,01-Jan-2200,,Active,0,0,0,0,0,0,0,0,0,0,0,0
WAPL-MC-E0651,INDIA,77,Bench,0,02-Sep-2024,01-Jan-2200,,Active,0,0,0,0,0,0,0,0,0,0,0,0
WAPL-MC-E0654,INDIA,86,Bench,0,21-Oct-2024,01-Jan-2200,,Active,0,0,0,0,0,0,0,0,0,0,0,0
WAPL-MC-E0654,INDIA,77,Bench,0,21-Oct-2024,01-Jan-2200,,Active,0,0,0,0,0,0,0,0,0,0,0,0
WAPL-MC-E0442,USA,86,Bench,0,25-Oct-2021,01-Jan-2200,,Active,0,0,0,0,0,0,0,0,0,0,0,0
WAPL-MC-E0442,USA,77,Bench,0,25-Oct-2021,01-Jan-2200,,Active,0,0,0,0,0,0,0,0,0,0,0,0
WAPL-MC-E0639,INDIA,27,Confirmed,50,15-Jan-2025,12-Feb-2025,,Active,50,50,0,0,0,0,0,0,0,0,0,0
WAPL-MC-E0639,INDIA,47,Confirmed,50,01-Jun-2025,30-Jun-2025,,Active,0,0,0,0,0,50,0,0,0,0,0,0
WAPL-MC-E0639,INDIA,60,Confirmed,50,16-Jul-2025,16-Sep-2025,,Active,0,0,0,0,0,0,50,50,50,0,0,0
WAPL-MC-E0639,INDIA,86,Bench,0,06-May-2024,01-Jan-2200,,Active,0,0,0,0,0,0,0,0,0,0,0,0
WAPL-MC-E0639,INDIA,77,Bench,0,06-May-2024,01-Jan-2200,,Active,0,0,0,0,0,0,0,0,0,0,0,0
WAPL-MC-E0670,INDIA,90,Confirmed,55,06-Aug-2025,30-Sep-2025,,Active,0,0,0,0,0,0,0,55,55,0,0,0
WAPL-MC-E0670,INDIA,81,Confirmed,25,01-Jun-2025,30-Nov-2025,,Active,0,0,0,0,0,25,25,25,25,25,25,0
WAPL-MC-E0670,INDIA,58,Confirmed,20,01-Aug-2025,31-Aug-2025,,Active,0,0,0,0,0,0,0,20,0,0,0,0
WAPL-MC-E0670,INDIA,86,Bench,0,17-Mar-2025,01-Jan-2200,,Active,0,0,0,0,0,0,0,0,0,0,0,0
WAPL-MC-E0670,INDIA,77,Bench,0,17-Mar-2025,01-Jan-2200,,Active,0,0,0,0,0,0,0,0,0,0,0,0
WAPL-MC-E0653,INDIA,33,Confirmed,100,17-Feb-2025,31-Mar-2026,,Active,0,100,100,100,100,100,100,100,100,100,100,100
WAPL-MC-E0653,INDIA,86,Bench,0,14-Oct-2024,01-Jan-2200,,Active,0,0,0,0,0,0,0,0,0,0,0,0
WAPL-MC-E0653,INDIA,77,Bench,0,14-Oct-2024,01-Jan-2200,,Active,0,0,0,0,0,0,0,0,0,0,0,0
WAPL-MC-E0584,INDIA,80,Confirmed,100,01-Sep-2025,30-Nov-2025,,Active,0,0,0,0,0,0,0,0,100,100,100,0
WAPL-MC-E0584,INDIA,4,Confirmed,25,01-Jul-2025,31-Aug-2025,,Active,0,0,0,0,0,0,25,25,0,0,0,0
WAPL-MC-E0584,INDIA,86,Bench,0,13-Mar-2023,01-Jan-2200,,Active,0,0,0,0,0,0,0,0,0,0,0,0
WAPL-MC-E0584,INDIA,77,Bench,0,13-Mar-2023,01-Jan-2200,,Active,0,0,0,0,0,0,0,0,0,0,0,0
WAPL-MC-E0676,INDIA,86,Bench,0,18-Aug-2025,01-Jan-2200,,Active,0,0,0,0,0,0,0,0,0,0,0,0
WAPL-MC-E0676,INDIA,77,Bench,0,18-Aug-2025,01-Jan-2200,,Active,0,0,0,0,0,0,0,0,0,0,0,0
WAPL-MC-E0680,INDIA,86,Bench,0,01-Sep-2025,01-Jan-2200,,Active,0,0,0,0,0,0,0,0,0,0,0,0
WAPL-MC-E0680,INDIA,77,Bench,0,01-Sep-2025,01-Jan-2200,,Active,0,0,0,0,0,0,0,0,0,0,0,0
WAPL-MC-E0649,INDIA,85,Confirmed,100,22-Aug-2024,31-Mar-2026,,Active,100,100,100,100,100,100,100,100,100,100,100,100
WAPL-MC-E0649,INDIA,86,Bench,0,22-Aug-2024,01-Jan-2200,,Active,0,0,0,0,0,0,0,0,0,0,0,0
WAPL-MC-E0649,INDIA,77,Bench,0,22-Aug-2024,01-Jan-2200,,Active,0,0,0,0,0,0,0,0,0,0,0,0
WAPL-MC-E0636,INDIA,8,Confirmed,100,01-Sep-2025,28-Feb-2026,,Active,0,0,0,0,0,0,0,0,100,100,100,100
WAPL-MC-E0636,INDIA,14,Confirmed,50,22-Oct-2024,31-Jan-2025,,Active,50,0,0,0,0,0,0,0,0,0,0,0
WAPL-MC-E0636,INDIA,57,Confirmed,50,15-Jan-2025,28-Feb-2025,,Active,50,50,0,0,0,0,0,0,0,0,0,0
WAPL-MC-E0636,INDIA,52,Confirmed,50,03-Mar-2025,15-May-2025,,Active,0,0,50,50,50,0,0,0,0,0,0,0
WAPL-MC-E0636,INDIA,83,Confirmed,50,09-Jul-2025,25-Aug-2025,,Active,0,0,0,0,0,0,50,50,0,0,0,0
WAPL-MC-E0636,INDIA,86,Bench,0,06-May-2024,01-Jan-2200,,Active,0,0,0,0,0,0,0,0,0,0,0,0
WAPL-MC-E0636,INDIA,77,Bench,0,06-May-2024,01-Jan-2200,,Active,0,0,0,0,0,0,0,0,0,0,0,0
WAPL-MC-E0652,INDIA,45,Confirmed,20,11-Mar-2025,31-Mar-2026,,Active,0,0,20,20,20,20,20,20,20,20,20,20
WAPL-MC-E0652,INDIA,83,Confirmed,10,09-Jul-2025,30-Oct-2025,,Active,0,0,0,0,0,0,10,10,10,10,0,0
WAPL-MC-E0652,INDIA,86,Bench,0,20-Sep-2024,01-Jan-2200,,Active,0,0,0,0,0,0,0,0,0,0,0,0
WAPL-MC-E0652,INDIA,77,Bench,0,20-Sep-2024,01-Jan-2200,,Active,0,0,0,0,0,0,0,0,0,0,0,0
WAPL-MC-E0646,INDIA,60,Confirmed,40,16-Jul-2025,16-Sep-2025,,Active,0,0,0,0,0,0,40,40,40,0,0,0
WAPL-MC-E0646,INDIA,30,Confirmed,10,08-Nov-2024,31-Mar-2026,,Active,10,10,10,10,10,10,10,10,10,10,10,10
WAPL-MC-E0646,INDIA,27,Confirmed,10,15-Jan-2025,12-Feb-2025,,Active,10,10,0,0,0,0,0,0,0,0,0,0
WAPL-MC-E0646,INDIA,46,Confirmed,10,01-Feb-2025,30-Jun-2025,,Active,0,10,10,10,10,10,0,0,0,0,0,0
WAPL-MC-E0646,INDIA,47,Confirmed,10,03-Apr-2025,30-Jun-2025,,Active,0,0,0,10,10,10,0,0,0,0,0,0
WAPL-MC-E0646,INDIA,70,Confirmed,5,02-Sep-2024,30-Sep-2025,,Active,5,5,5,5,5,5,5,5,5,0,0,0
WAPL-MC-E0646,INDIA,69,Confirmed,5,01-Oct-2024,30-Jun-2025,,Active,5,5,5,5,5,5,0,0,0,0,0,0
WAPL-MC-E0646,INDIA,86,Bench,0,20-Jun-2024,01-Jan-2200,,Active,0,0,0,0,0,0,0,0,0,0,0,0
WAPL-MC-E0646,INDIA,77,Bench,0,20-Jun-2024,01-Jan-2200,,Active,0,0,0,0,0,0,0,0,0,0,0,0
WAPL-MC-E0681,INDIA,86,Bench,0,01-Sep-2025,01-Jan-2200,,Active,0,0,0,0,0,0,0,0,0,0,0,0
WAPL-MC-E0681,INDIA,77,Bench,0,01-Sep-2025,01-Jan-2200,,Active,0,0,0,0,0,0,0,0,0,0,0,0
WAPL-MC-E0525,INDIA,86,Bench,0,01-Sep-2022,01-Jan-2200,,Active,0,0,0,0,0,0,0,0,0,0,0,0
WAPL-MC-E0525,INDIA,77,Bench,0,01-Sep-2022,01-Jan-2200,,Active,0,0,0,0,0,0,0,0,0,0,0,0
WAPL-MC-E0662,INDIA,64,Confirmed,100,01-May-2025,30-Sep-2025,,Active,0,0,0,0,100,100,100,100,100,0,0,0
WAPL-MC-E0662,INDIA,86,Bench,0,02-Jan-2025,01-Jan-2200,,Active,0,0,0,0,0,0,0,0,0,0,0,0
WAPL-MC-E0662,INDIA,77,Bench,0,02-Jan-2025,01-Jan-2200,,Active,0,0,0,0,0,0,0,0,0,0,0,0
WAPL-MC-E0666,USA,86,Bench,0,20-Feb-2025,01-Jan-2200,,Active,0,0,0,0,0,0,0,0,0,0,0,0
WAPL-MC-E0666,USA,77,Bench,0,20-Feb-2025,01-Jan-2200,,Active,0,0,0,0,0,0,0,0,0,0,0,0
WAPL-MC-C0263,INDIA,64,Functional,100,01-Feb-2025,31-Dec-2025,,Active,0,100,100,100,100,100,100,100,100,100,100,100
WAPL-MC-C0263,INDIA,86,Bench,0,01-Feb-2025,01-Jan-2200,,Active,0,0,0,0,0,0,0,0,0,0,0,0
WAPL-MC-C0263,INDIA,77,Bench,0,01-Feb-2025,01-Jan-2200,,Active,0,0,0,0,0,0,0,0,0,0,0,0
WAPL-MC-E0682,INDIA,86,Bench,0,01-Sep-2025,01-Jan-2200,,Active,0,0,0,0,0,0,0,0,0,0,0,0
WAPL-MC-E0682,INDIA,77,Bench,0,01-Sep-2025,01-Jan-2200,,Active,0,0,0,0,0,0,0,0,0,0,0,0
WAPL-MC-E0673,INDIA,83,Confirmed,100,21-Jul-2025,30-Oct-2025,,Active,0,0,0,0,0,0,100,100,100,100,0,0
WAPL-MC-E0673,INDIA,86,Bench,0,15-Jul-2025,01-Jan-2200,,Active,0,0,0,0,0,0,0,0,0,0,0,0
WAPL-MC-E0673,INDIA,77,Bench,0,15-Jul-2025,01-Jan-2200,,Active,0,0,0,0,0,0,0,0,0,0,0,0
WAPL-MC-E0663,INDIA,83,Confirmed,50,09-Jul-2025,30-Oct-2025,,Active,0,0,0,0,0,0,50,50,50,50,0,0
WAPL-MC-E0663,INDIA,45,Confirmed,50,11-Mar-2025,31-Mar-2026,,Active,0,0,50,50,50,50,50,50,50,50,50,50
WAPL-MC-E0663,INDIA,86,Bench,0,08-Jan-2025,01-Jan-2200,,Active,0,0,0,0,0,0,0,0,0,0,0,0
WAPL-MC-E0663,INDIA,77,Bench,0,08-Jan-2025,01-Jan-2200,,Active,0,0,0,0,0,0,0,0,0,0,0,0
